"Código","Categoria","Origem","Espécie","Rúbrica","Alínea","Detalhamento","Receita Prevista (Bruta)","Receita Arrecadada (Bruta)"
"1.1.1.2.51.0.1.01","Deduções da Receita","Impostos, Taxas e Contribuições de Melhoria","Impostos","Impostos sobre o Patrimônio","Imposto sobre a Propriedade de Veículos Automotores","IPVA ","0","-28648251.72"
"1.1.1.2.51.0.1.02","Deduções da Receita","Impostos, Taxas e Contribuições de Melhoria","Impostos","Impostos sobre o Patrimônio","Imposto sobre a Propriedade de Veículos Automotores","IPVA ","0","-142900634.62"
"1.1.1.2.51.0.3.01","Deduções da Receita","Impostos, Taxas e Contribuições de Melhoria","Impostos","Impostos sobre o Patrimônio","Imposto sobre a Propriedade de Veículos Automotores","IPVA ","0","-804186.34"
"1.1.1.2.51.0.3.02","Deduções da Receita","Impostos, Taxas e Contribuições de Melhoria","Impostos","Impostos sobre o Patrimônio","Imposto sobre a Propriedade de Veículos Automotores","IPVA ","0","-4020931.7"
"1.1.1.2.51.0.7.01","Deduções da Receita","Impostos, Taxas e Contribuições de Melhoria","Impostos","Impostos sobre o Patrimônio","Imposto sobre a Propriedade de Veículos Automotores","IPVA ","0","-142907.62"
"1.1.1.2.51.0.7.02","Deduções da Receita","Impostos, Taxas e Contribuições de Melhoria","Impostos","Impostos sobre o Patrimônio","Imposto sobre a Propriedade de Veículos Automotores","IPVA ","0","-714538.08"
"1.1.1.2.51.0.8.01","Deduções da Receita","Impostos, Taxas e Contribuições de Melhoria","Impostos","Impostos sobre o Patrimônio","Imposto sobre a Propriedade de Veículos Automotores","IPVA ","0","-232049.31"
"1.1.1.2.51.0.8.02","Deduções da Receita","Impostos, Taxas e Contribuições de Melhoria","Impostos","Impostos sobre o Patrimônio","Imposto sobre a Propriedade de Veículos Automotores","IPVA ","0","-1160246.54"
"1.1.1.2.52.0.1.01","Deduções da Receita","Impostos, Taxas e Contribuições de Melhoria","Impostos","Impostos sobre o Patrimônio","""Imposto sobre Transmissão """"Causa Mortis"""" e Doação de Bens e Direitos - ITCD""","ITCD","0","-2669754.65"
"1.1.1.2.52.0.3.01","Deduções da Receita","Impostos, Taxas e Contribuições de Melhoria","Impostos","Impostos sobre o Patrimônio","""Imposto sobre Transmissão """"Causa Mortis"""" e Doação de Bens e Direitos - ITCD""","Dívida Ativa de ITCD","0","-55839"
"1.1.1.2.52.0.7.01","Deduções da Receita","Impostos, Taxas e Contribuições de Melhoria","Impostos","Impostos sobre o Patrimônio","""Imposto sobre Transmissão """"Causa Mortis"""" e Doação de Bens e Direitos - ITCD""","Multas da Dívida Ativa de ITCD","0","-14550.27"
"1.1.1.2.52.0.8.01","Deduções da Receita","Impostos, Taxas e Contribuições de Melhoria","Impostos","Impostos sobre o Patrimônio","""Imposto sobre Transmissão """"Causa Mortis"""" e Doação de Bens e Direitos - ITCD""","Juros de Mora da Dívida Ativa de ITCD","0","-20401.92"
"1.1.1.4.50.1.1.01","Deduções da Receita","Impostos, Taxas e Contribuições de Melhoria","Impostos","Impostos sobre a Produção, Circulação e Serviços","Impostos sobre a Produção, circulação de Mercadorias e Serviços","ICMS ","0","-551600000.33"
"1.1.1.4.50.1.1.02","Deduções da Receita","Impostos, Taxas e Contribuições de Melhoria","Impostos","Impostos sobre a Produção, Circulação e Serviços","Impostos sobre a Produção, circulação de Mercadorias e Serviços","ICMS ","0","-919177124.9"
"1.1.1.4.50.1.3.01","Deduções da Receita","Impostos, Taxas e Contribuições de Melhoria","Impostos","Impostos sobre a Produção, Circulação e Serviços","Impostos sobre a Produção, circulação de Mercadorias e Serviços","Dívida Ativa de ICMS ","0","-1202704.47"
"1.1.1.4.50.1.3.02","Deduções da Receita","Impostos, Taxas e Contribuições de Melhoria","Impostos","Impostos sobre a Produção, Circulação e Serviços","Impostos sobre a Produção, circulação de Mercadorias e Serviços","Dívida Ativa de ICMS ","0","-2004507.44"
"1.1.1.4.50.1.7.01","Deduções da Receita","Impostos, Taxas e Contribuições de Melhoria","Impostos","Impostos sobre a Produção, Circulação e Serviços","Impostos sobre a Produção, circulação de Mercadorias e Serviços","Multas da Dívida Ativa de ICMS ","0","-174353.29"
"1.1.1.4.50.1.7.02","Deduções da Receita","Impostos, Taxas e Contribuições de Melhoria","Impostos","Impostos sobre a Produção, Circulação e Serviços","Impostos sobre a Produção, circulação de Mercadorias e Serviços","Multas da Dívida Ativa de ICMS ","0","-290588.83"
"1.1.1.4.50.1.8.01","Deduções da Receita","Impostos, Taxas e Contribuições de Melhoria","Impostos","Impostos sobre a Produção, Circulação e Serviços","Impostos sobre a Produção, circulação de Mercadorias e Serviços","Juros de Mora da Dívida Ativa de ICMS ","0","-841191.56"
"1.1.1.4.50.1.8.02","Deduções da Receita","Impostos, Taxas e Contribuições de Melhoria","Impostos","Impostos sobre a Produção, Circulação e Serviços","Impostos sobre a Produção, circulação de Mercadorias e Serviços","Juros de Mora da Dívida Ativa de ICMS ","0","-1401985.94"
"1.1.2.1.01.0.1.14","Deduções da Receita","Impostos, Taxas e Contribuições de Melhoria","Taxas","Taxas pelo Exercício do Poder de Polícia","Taxas de Inspeção, Controle e Fiscalização","Taxa de Registro de Veículo e Habilitação","0","-9315.75"
"1.1.2.2.02.0.1.02","Deduções da Receita","Impostos, Taxas e Contribuições de Melhoria","Taxas","Taxas pela Prestação de Serviços","Emolumentos e Custas Judiciais","Emolumentos","0","-411.91"
"1.2.1.5.01.1.1.01","Deduções da Receita","Contribuições","Contribuições Sociais","Contribuições para Regimes Próprios de Previdência e Sistema de Proteção Social","Contribuição do Servidor Civil","Poder Executivo - Ativo Civil","0","-1155.34"
"1.2.1.5.01.2.1.01","Deduções da Receita","Contribuições","Contribuições Sociais","Contribuições para Regimes Próprios de Previdência e Sistema de Proteção Social","Contribuição do Servidor Civil","Poder Executivo - Inativo Civil","0","-19929.08"
"1.7.1.1.50.0.1.01","Deduções da Receita","Transferências Correntes","Transferências da União e de suas Entidades","Transferências Decorrentes de Participação na Receita da União","Cota-Parte do Fundo de Participação dos Estados e do Distrito Federal - FPE","Cota-Parte do FPE","0","-739046960.98"
"1.7.1.1.53.0.1.01","Deduções da Receita","Transferências Correntes","Transferências da União e de suas Entidades","Transferências Decorrentes de Participação na Receita da União","Cota-Parte do Imposto Sobre Produtos Industrializados ¿ Estados Exportadores de Produtos I","Cota-Parte do IPI","0","-2349929.5"
"1.7.1.1.53.0.1.02","Deduções da Receita","Transferências Correntes","Transferências da União e de suas Entidades","Transferências Decorrentes de Participação na Receita da União","Cota-Parte do Imposto Sobre Produtos Industrializados ¿ Estados Exportadores de Produtos I","Cota-Parte do IPI ","0","-3916549.07"
"1.7.1.1.54.0.1.02","Deduções da Receita","Transferências Correntes","Transferências da União e de suas Entidades","Transferências Decorrentes de Participação na Receita da União","Cota-Parte da Contribuição de Intervenção no Domínio Econômico","Cota-Parte CIDE ","0","-1933046.94"
"1.7.1.2.52.1.1.02","Deduções da Receita","Transferências Correntes","Transferências da União e de suas Entidades","Transferências das Compensações Financeiras pela Exploração de Recursos Naturais","Cota-parte da Compensação Financeira pela Produção de Petróleo","Cota-parte da Compensação Financeira pela Produção de Petróleo ¿ Lei nº 7.990/90 - Municip","0","-18516718.15"
"1.9.1.1.01.0.1.01","Deduções da Receita","Outras Receitas Correntes","Multas Administrativas, Contratuais e Judiciais","Multas Administrativas, Contratuais e Judiciais","Multas Previstas em Legislação Específica","Multas por Infração a Legislação de Trânsito","0","-2045190.69"
"7.2.1.5.02.1.1.01","Deduções da Receita","Contribuições","Contribuições Sociais","Contribuições para Regimes Próprios de Previdência e Sistema de Proteção Social","Contribuição Patronal - Servidor Civil","CPSSS - Patronal- Poder Executivo - Ativo Civil","0","-13575000"
"1.1.1.2.51.0.1.01","Receitas Correntes","Impostos, Taxas e Contribuições de Melhoria","Impostos","Impostos sobre o Patrimônio","Imposto sobre a Propriedade de Veículos Automotores","IPVA ","342132000","142900979.64"
"1.1.1.2.51.0.1.02","Receitas Correntes","Impostos, Taxas e Contribuições de Melhoria","Impostos","Impostos sobre o Patrimônio","Imposto sobre a Propriedade de Veículos Automotores","IPVA ","342132000","142900634.62"
"1.1.1.2.51.0.3.01","Receitas Correntes","Impostos, Taxas e Contribuições de Melhoria","Impostos","Impostos sobre o Patrimônio","Imposto sobre a Propriedade de Veículos Automotores","IPVA ","21258000","4823726.6"
"1.1.1.2.51.0.3.02","Receitas Correntes","Impostos, Taxas e Contribuições de Melhoria","Impostos","Impostos sobre o Patrimônio","Imposto sobre a Propriedade de Veículos Automotores","IPVA ","21258000","4020931.7"
"1.1.1.2.51.0.5.01","Receitas Correntes","Impostos, Taxas e Contribuições de Melhoria","Impostos","Impostos sobre o Patrimônio","Imposto sobre a Propriedade de Veículos Automotores","IPVA ","469000","0"
"1.1.1.2.51.0.5.02","Receitas Correntes","Impostos, Taxas e Contribuições de Melhoria","Impostos","Impostos sobre o Patrimônio","Imposto sobre a Propriedade de Veículos Automotores","IPVA ","469000","0"
"1.1.1.2.51.0.6.01","Receitas Correntes","Impostos, Taxas e Contribuições de Melhoria","Impostos","Impostos sobre o Patrimônio","Imposto sobre a Propriedade de Veículos Automotores","IPVA ","485000","0"
"1.1.1.2.51.0.6.02","Receitas Correntes","Impostos, Taxas e Contribuições de Melhoria","Impostos","Impostos sobre o Patrimônio","Imposto sobre a Propriedade de Veículos Automotores","IPVA ","485000","0"
"1.1.1.2.51.0.7.01","Receitas Correntes","Impostos, Taxas e Contribuições de Melhoria","Impostos","Impostos sobre o Patrimônio","Imposto sobre a Propriedade de Veículos Automotores","IPVA ","3833000","815147.02"
"1.1.1.2.51.0.7.02","Receitas Correntes","Impostos, Taxas e Contribuições de Melhoria","Impostos","Impostos sobre o Patrimônio","Imposto sobre a Propriedade de Veículos Automotores","IPVA ","3833000","714538.08"
"1.1.1.2.51.0.8.01","Receitas Correntes","Impostos, Taxas e Contribuições de Melhoria","Impostos","Impostos sobre o Patrimônio","Imposto sobre a Propriedade de Veículos Automotores","IPVA ","5618000","1416236.24"
"1.1.1.2.51.0.8.02","Receitas Correntes","Impostos, Taxas e Contribuições de Melhoria","Impostos","Impostos sobre o Patrimônio","Imposto sobre a Propriedade de Veículos Automotores","IPVA ","5618000","1160246.54"
"1.1.1.2.52.0.1.01","Receitas Correntes","Impostos, Taxas e Contribuições de Melhoria","Impostos","Impostos sobre o Patrimônio","""Imposto sobre Transmissão """"Causa Mortis"""" e Doação de Bens e Direitos - ITCD""","ITCD","31175000","14312407.08"
"1.1.1.2.52.0.3.01","Receitas Correntes","Impostos, Taxas e Contribuições de Melhoria","Impostos","Impostos sobre o Patrimônio","""Imposto sobre Transmissão """"Causa Mortis"""" e Doação de Bens e Direitos - ITCD""","Dívida Ativa de ITCD","631000","282793.91"
"1.1.1.2.52.0.5.01","Receitas Correntes","Impostos, Taxas e Contribuições de Melhoria","Impostos","Impostos sobre o Patrimônio","""Imposto sobre Transmissão """"Causa Mortis"""" e Doação de Bens e Direitos - ITCD""","Multas de Mora - Impostos sobre Transmissão Causa Mortis e Doações","42000","0"
"1.1.1.2.52.0.6.01","Receitas Correntes","Impostos, Taxas e Contribuições de Melhoria","Impostos","Impostos sobre o Patrimônio","""Imposto sobre Transmissão """"Causa Mortis"""" e Doação de Bens e Direitos - ITCD""","Juros de Mora - Impostos sobre Transmissão de Causa Mortis e Doações","46000","0"
"1.1.1.2.52.0.7.01","Receitas Correntes","Impostos, Taxas e Contribuições de Melhoria","Impostos","Impostos sobre o Patrimônio","""Imposto sobre Transmissão """"Causa Mortis"""" e Doação de Bens e Direitos - ITCD""","Multas da Dívida Ativa de ITCD","103000","73417.94"
"1.1.1.2.52.0.8.01","Receitas Correntes","Impostos, Taxas e Contribuições de Melhoria","Impostos","Impostos sobre o Patrimônio","""Imposto sobre Transmissão """"Causa Mortis"""" e Doação de Bens e Direitos - ITCD""","Juros de Mora da Dívida Ativa de ITCD","262000","104291.1"
"1.1.1.3.03.1.1.01","Receitas Correntes","Impostos, Taxas e Contribuições de Melhoria","Impostos","Impostos sobre a Renda e Proventos de Qualquer Natureza","Imposto sobre a Renda - Retido na Fonte","IRRF - Trabalho","1895210000","764571278.98"
"1.1.1.3.03.4.1.01","Receitas Correntes","Impostos, Taxas e Contribuições de Melhoria","Impostos","Impostos sobre a Renda e Proventos de Qualquer Natureza","Imposto sobre a Renda - Retido na Fonte","IRRF - Outros Rendimentos","0","3962615.61"
"1.1.1.3.03.4.1.02","Receitas Correntes","Impostos, Taxas e Contribuições de Melhoria","Impostos","Impostos sobre a Renda e Proventos de Qualquer Natureza","Imposto sobre a Renda - Retido na Fonte","IRRF - Outros Rendimentos Pessoa Jurídica","0","22596754.32"
"1.1.1.4.50.1.1.01","Receitas Correntes","Impostos, Taxas e Contribuições de Melhoria","Impostos","Impostos sobre a Produção, Circulação e Serviços","Impostos sobre a Produção, circulação de Mercadorias e Serviços","ICMS ","7465085000","3004349453.65"
"1.1.1.4.50.1.1.02","Receitas Correntes","Impostos, Taxas e Contribuições de Melhoria","Impostos","Impostos sobre a Produção, Circulação e Serviços","Impostos sobre a Produção, circulação de Mercadorias e Serviços","ICMS ","2488362000","1001449818.17"
"1.1.1.4.50.1.3.01","Receitas Correntes","Impostos, Taxas e Contribuições de Melhoria","Impostos","Impostos sobre a Produção, Circulação e Serviços","Impostos sobre a Produção, circulação de Mercadorias e Serviços","Dívida Ativa de ICMS ","15427000","6692358.99"
"1.1.1.4.50.1.3.02","Receitas Correntes","Impostos, Taxas e Contribuições de Melhoria","Impostos","Impostos sobre a Produção, Circulação e Serviços","Impostos sobre a Produção, circulação de Mercadorias e Serviços","Dívida Ativa de ICMS ","5142000","2004507.44"
"1.1.1.4.50.1.5.01","Receitas Correntes","Impostos, Taxas e Contribuições de Melhoria","Impostos","Impostos sobre a Produção, Circulação e Serviços","Impostos sobre a Produção, circulação de Mercadorias e Serviços","Multas de ICMS ","7707000","0"
"1.1.1.4.50.1.5.02","Receitas Correntes","Impostos, Taxas e Contribuições de Melhoria","Impostos","Impostos sobre a Produção, Circulação e Serviços","Impostos sobre a Produção, circulação de Mercadorias e Serviços","Multas de ICMS ","2569000","0"
"1.1.1.4.50.1.6.01","Receitas Correntes","Impostos, Taxas e Contribuições de Melhoria","Impostos","Impostos sobre a Produção, Circulação e Serviços","Impostos sobre a Produção, circulação de Mercadorias e Serviços","Juros de Mora de ICMS ","7460000","0"
"1.1.1.4.50.1.6.02","Receitas Correntes","Impostos, Taxas e Contribuições de Melhoria","Impostos","Impostos sobre a Produção, Circulação e Serviços","Impostos sobre a Produção, circulação de Mercadorias e Serviços","Juros de Mora de ICMS ","2486000","0"
"1.1.1.4.50.1.7.01","Receitas Correntes","Impostos, Taxas e Contribuições de Melhoria","Impostos","Impostos sobre a Produção, Circulação e Serviços","Impostos sobre a Produção, circulação de Mercadorias e Serviços","Multas da Dívida Ativa de ICMS ","2028000","962814.32"
"1.1.1.4.50.1.7.02","Receitas Correntes","Impostos, Taxas e Contribuições de Melhoria","Impostos","Impostos sobre a Produção, Circulação e Serviços","Impostos sobre a Produção, circulação de Mercadorias e Serviços","Multas da Dívida Ativa de ICMS ","676000","290588.83"
"1.1.1.4.50.1.8.01","Receitas Correntes","Impostos, Taxas e Contribuições de Melhoria","Impostos","Impostos sobre a Produção, Circulação e Serviços","Impostos sobre a Produção, circulação de Mercadorias e Serviços","Juros de Mora da Dívida Ativa de ICMS ","9800000","4705365.9"
"1.1.1.4.50.1.8.02","Receitas Correntes","Impostos, Taxas e Contribuições de Melhoria","Impostos","Impostos sobre a Produção, Circulação e Serviços","Impostos sobre a Produção, circulação de Mercadorias e Serviços","Juros de Mora da Dívida Ativa de ICMS ","3267000","1401985.94"
"1.1.1.4.50.2.1.01","Receitas Correntes","Impostos, Taxas e Contribuições de Melhoria","Impostos","Impostos sobre a Produção, Circulação e Serviços","Impostos sobre a Produção, circulação de Mercadorias e Serviços","Adicional ICMS - FECOP","45469000","28025398.03"
"1.1.1.4.50.2.5.01","Receitas Correntes","Impostos, Taxas e Contribuições de Melhoria","Impostos","Impostos sobre a Produção, Circulação e Serviços","Impostos sobre a Produção, circulação de Mercadorias e Serviços","Multas de Adicional ICMS - FECOP","160000","0"
"1.1.1.4.50.2.6.01","Receitas Correntes","Impostos, Taxas e Contribuições de Melhoria","Impostos","Impostos sobre a Produção, Circulação e Serviços","Impostos sobre a Produção, circulação de Mercadorias e Serviços","Juros de Mora de Adicional ICMS - FECOP","152000","0"
"1.1.2.1.01.0.1.01","Receitas Correntes","Impostos, Taxas e Contribuições de Melhoria","Taxas","Taxas pelo Exercício do Poder de Polícia","Taxas de Inspeção, Controle e Fiscalização","Taxa de Regulação e Fiscalização sobre Serviço de Gás Canalizado","3964000","1666838.18"
"1.1.2.1.01.0.1.07","Receitas Correntes","Impostos, Taxas e Contribuições de Melhoria","Taxas","Taxas pelo Exercício do Poder de Polícia","Taxas de Inspeção, Controle e Fiscalização","Taxa do Fundo de Desenvolv. Transporte Infra-Estrutura - DEINFRA","12850000","3075.33"
"1.1.2.1.01.0.1.10","Receitas Correntes","Impostos, Taxas e Contribuições de Melhoria","Taxas","Taxas pelo Exercício do Poder de Polícia","Taxas de Inspeção, Controle e Fiscalização","Taxa de Regulação e Fiscalização sobre Serviços de Saneamento Básico","8512000","7785952.62"
"1.1.2.1.01.0.1.14","Receitas Correntes","Impostos, Taxas e Contribuições de Melhoria","Taxas","Taxas pelo Exercício do Poder de Polícia","Taxas de Inspeção, Controle e Fiscalização","Taxa de Registro de Veículo e Habilitação","232295000","142910752.64"
"1.1.2.1.01.0.1.16","Receitas Correntes","Impostos, Taxas e Contribuições de Melhoria","Taxas","Taxas pelo Exercício do Poder de Polícia","Taxas de Inspeção, Controle e Fiscalização","Atos do ITEP","0","22752.2"
"1.1.2.1.01.0.1.20","Receitas Correntes","Impostos, Taxas e Contribuições de Melhoria","Taxas","Taxas pelo Exercício do Poder de Polícia","Taxas de Inspeção, Controle e Fiscalização","Taxas pelo Poder de Polícia Vinculadas a Fundos Diversos","0","1164628.12"
"1.1.2.1.50.0.1.01","Receitas Correntes","Impostos, Taxas e Contribuições de Melhoria","Taxas","Taxas pelo Exercício do Poder de Polícia","Taxa de Fiscalização de Vigilância Sanitária","Taxa de Fiscalização de Vigilância Sanitária","872000","446953.24"
"1.1.2.2.01.0.1.02","Receitas Correntes","Impostos, Taxas e Contribuições de Melhoria","Taxas","Taxas pela Prestação de Serviços","Taxas pela Prestação de Serviços","Taxa de Segurança Contra Incêndio","32036000","19430064.47"
"1.1.2.2.01.0.1.08","Receitas Correntes","Impostos, Taxas e Contribuições de Melhoria","Taxas","Taxas pela Prestação de Serviços","Taxas pela Prestação de Serviços","Atos do Departamento de Estradas e Rodagem","1304000","787124.98"
"1.1.2.2.01.0.1.09","Receitas Correntes","Impostos, Taxas e Contribuições de Melhoria","Taxas","Taxas pela Prestação de Serviços","Taxas pela Prestação de Serviços","Taxa de Serviço de Inspeção e Licenciamento Ambiental","27853000","7848450.22"
"1.1.2.2.01.0.1.14","Receitas Correntes","Impostos, Taxas e Contribuições de Melhoria","Taxas","Taxas pela Prestação de Serviços","Taxas pela Prestação de Serviços","Taxa de Serv. de Insp. e Licenc. Ambiental - PETROLÍFERAS","218580000","105896408.87"
"1.1.2.2.01.0.1.98","Receitas Correntes","Impostos, Taxas e Contribuições de Melhoria","Taxas","Taxas pela Prestação de Serviços","Taxas pela Prestação de Serviços","Outras Taxas pela Prestação de Serviços - Adm. Direta","12159000","3215681.31"
"1.1.2.2.01.0.1.99","Receitas Correntes","Impostos, Taxas e Contribuições de Melhoria","Taxas","Taxas pela Prestação de Serviços","Taxas pela Prestação de Serviços","Outras Taxas pela Prestação de Serviços - Adm. Indireta","2520000","1319728.13"
"1.1.2.2.01.0.3.07","Receitas Correntes","Impostos, Taxas e Contribuições de Melhoria","Taxas","Taxas pela Prestação de Serviços","Taxas pela Prestação de Serviços","Dívida Ativa de Custas Judiciais TJ","0","0"
"1.1.2.2.01.0.7.07","Receitas Correntes","Impostos, Taxas e Contribuições de Melhoria","Taxas","Taxas pela Prestação de Serviços","Taxas pela Prestação de Serviços","Dívida Ativa TJ -Multa de mora Custas Judiciais","0","0"
"1.1.2.2.01.0.8.07","Receitas Correntes","Impostos, Taxas e Contribuições de Melhoria","Taxas","Taxas pela Prestação de Serviços","Taxas pela Prestação de Serviços","Dívida Ativa TJ - Custas Judiciais Juros de mora","0","0"
"1.1.2.2.02.0.1.01","Receitas Correntes","Impostos, Taxas e Contribuições de Melhoria","Taxas","Taxas pela Prestação de Serviços","Emolumentos e Custas Judiciais","Custas Extrajudiciais","1924000","1002310.05"
"1.1.2.2.02.0.1.02","Receitas Correntes","Impostos, Taxas e Contribuições de Melhoria","Taxas","Taxas pela Prestação de Serviços","Emolumentos e Custas Judiciais","Emolumentos","19635000","10526418.64"
"1.1.2.2.02.0.3.01","Receitas Correntes","Impostos, Taxas e Contribuições de Melhoria","Taxas","Taxas pela Prestação de Serviços","Emolumentos e Custas Judiciais","Dívida Ativa de Custas Extrajudiciais","0","0"
"1.1.2.2.02.0.7.01","Receitas Correntes","Impostos, Taxas e Contribuições de Melhoria","Taxas","Taxas pela Prestação de Serviços","Emolumentos e Custas Judiciais","Emolumentos e Custas Judiciais - Multa da dívida Ativa","0","0"
"1.1.2.2.02.0.8.01","Receitas Correntes","Impostos, Taxas e Contribuições de Melhoria","Taxas","Taxas pela Prestação de Serviços","Emolumentos e Custas Judiciais","Emolumentos e Custas Judiciais - Juros de Mora da Dívida Ativa","0","0"
"1.2.1.5.01.1.1.01","Receitas Correntes","Contribuições","Contribuições Sociais","Contribuições para Regimes Próprios de Previdência e Sistema de Proteção Social","Contribuição do Servidor Civil","Poder Executivo - Ativo Civil","454125000","181446073.64"
"1.2.1.5.01.1.1.02","Receitas Correntes","Contribuições","Contribuições Sociais","Contribuições para Regimes Próprios de Previdência e Sistema de Proteção Social","Contribuição do Servidor Civil","Assembléia Legislativa - Ativo Civil","9819000","1717250.4"
"1.2.1.5.01.1.1.03","Receitas Correntes","Contribuições","Contribuições Sociais","Contribuições para Regimes Próprios de Previdência e Sistema de Proteção Social","Contribuição do Servidor Civil","Tribunal de Contas - Ativo Civil","6670000","2127877.75"
"1.2.1.5.01.1.1.04","Receitas Correntes","Contribuições","Contribuições Sociais","Contribuições para Regimes Próprios de Previdência e Sistema de Proteção Social","Contribuição do Servidor Civil","Tribunal de Justiça - Ativo Civil","70882000","29708807.93"
"1.2.1.5.01.1.1.05","Receitas Correntes","Contribuições","Contribuições Sociais","Contribuições para Regimes Próprios de Previdência e Sistema de Proteção Social","Contribuição do Servidor Civil","Defensoria Pública - Ativo Civil","6485000","2809407.64"
"1.2.1.5.01.1.1.06","Receitas Correntes","Contribuições","Contribuições Sociais","Contribuições para Regimes Próprios de Previdência e Sistema de Proteção Social","Contribuição do Servidor Civil","Ministério Público - Ativo Civil","23225000","11469236.88"
"1.2.1.5.01.1.1.07","Receitas Correntes","Contribuições","Contribuições Sociais","Contribuições para Regimes Próprios de Previdência e Sistema de Proteção Social","Contribuição do Servidor Civil","Poder Executivo - Servidor Ativo Civil - À Disposição","138000","62032.2"
"1.2.1.5.01.1.1.08","Receitas Correntes","Contribuições","Contribuições Sociais","Contribuições para Regimes Próprios de Previdência e Sistema de Proteção Social","Contribuição do Servidor Civil","Contribuições Previdenciárias Facultativas","67000","188648.36"
"1.2.1.5.01.2.1.01","Receitas Correntes","Contribuições","Contribuições Sociais","Contribuições para Regimes Próprios de Previdência e Sistema de Proteção Social","Contribuição do Servidor Civil","Poder Executivo - Inativo Civil","294373000","110312244.84"
"1.2.1.5.01.2.1.02","Receitas Correntes","Contribuições","Contribuições Sociais","Contribuições para Regimes Próprios de Previdência e Sistema de Proteção Social","Contribuição do Servidor Civil","Assembléia Legislativa - Inativo Civil","10522000","7561402.95"
"1.2.1.5.01.2.1.03","Receitas Correntes","Contribuições","Contribuições Sociais","Contribuições para Regimes Próprios de Previdência e Sistema de Proteção Social","Contribuição do Servidor Civil","Tribunal de Contas - Inativo Civil","2432000","3074838.18"
"1.2.1.5.01.2.1.04","Receitas Correntes","Contribuições","Contribuições Sociais","Contribuições para Regimes Próprios de Previdência e Sistema de Proteção Social","Contribuição do Servidor Civil","Tribunal de Justiça - Inativo Civil","15441000","6638737.98"
"1.2.1.5.01.2.1.05","Receitas Correntes","Contribuições","Contribuições Sociais","Contribuições para Regimes Próprios de Previdência e Sistema de Proteção Social","Contribuição do Servidor Civil","Defensoria Pública - Inativo Civil","69000","65215.04"
"1.2.1.5.01.2.1.06","Receitas Correntes","Contribuições","Contribuições Sociais","Contribuições para Regimes Próprios de Previdência e Sistema de Proteção Social","Contribuição do Servidor Civil","Ministério Público - Inativo Civil","5103000","936541.15"
"1.2.1.5.01.3.1.01","Receitas Correntes","Contribuições","Contribuições Sociais","Contribuições para Regimes Próprios de Previdência e Sistema de Proteção Social","Contribuição do Servidor Civil","Contribuição de Pensionista Civil - Poder Executivo","52487000","16230002.7"
"1.2.1.5.01.3.1.02","Receitas Correntes","Contribuições","Contribuições Sociais","Contribuições para Regimes Próprios de Previdência e Sistema de Proteção Social","Contribuição do Servidor Civil","Contribuição de Pensionista Civil - Assembleia Legislativa","903000","270825.15"
"1.2.1.5.01.3.1.03","Receitas Correntes","Contribuições","Contribuições Sociais","Contribuições para Regimes Próprios de Previdência e Sistema de Proteção Social","Contribuição do Servidor Civil","Contribuição de Pensionista Civil - Tribunal de Contas","428000","186448.86"
"1.2.1.5.01.3.1.04","Receitas Correntes","Contribuições","Contribuições Sociais","Contribuições para Regimes Próprios de Previdência e Sistema de Proteção Social","Contribuição do Servidor Civil","Contribuição de Pensionista Civil - Tribunal de Justiça","4556000","1374997.75"
"1.2.1.5.01.3.1.06","Receitas Correntes","Contribuições","Contribuições Sociais","Contribuições para Regimes Próprios de Previdência e Sistema de Proteção Social","Contribuição do Servidor Civil","Contribuição de Pensionista Civil - Ministério Público","894000","322955.1"
"1.2.1.5.02.1.1.01","Receitas Correntes","Contribuições","Contribuições Sociais","Contribuições para Regimes Próprios de Previdência e Sistema de Proteção Social","Contribuição Patronal - Servidor Civil","Contribuição Patronal de Servidor Ativo Civil para o RPPS - À Disposição","290000","721174.29"
"1.2.1.5.52.1.1.01","Receitas Correntes","Contribuições","Contribuições Sociais","Contribuições para Regimes Próprios de Previdência e Sistema de Proteção Social","Contribuição para o Sistema de Proteção Social dos Militares","Contribuição do Militar Ativo","114025000","51065212.05"
"1.2.1.5.52.2.1.01","Receitas Correntes","Contribuições","Contribuições Sociais","Contribuições para Regimes Próprios de Previdência e Sistema de Proteção Social","Contribuição para o Sistema de Proteção Social dos Militares","Contribuição do Militar Inativo","57791000","25043140.46"
"1.2.1.5.52.3.1.01","Receitas Correntes","Contribuições","Contribuições Sociais","Contribuições para Regimes Próprios de Previdência e Sistema de Proteção Social","Contribuição para o Sistema de Proteção Social dos Militares","Contribuição do Militar Pensionista","26997000","11707891.93"
"1.3.1.1.01.1.1.02","Receitas Correntes","Receita Patrimonial","Exploração do Patrimônio Imobiliário do Estado","Exploração do Patrimônio Imobiliário do Estado","Aluguéis, Arrendamentos, Foros, Laudêmios, Tarifas de Ocupação","Aluguéis de Salas","6496000","2883809.85"
"1.3.1.1.01.1.1.06","Receitas Correntes","Receita Patrimonial","Exploração do Patrimônio Imobiliário do Estado","Exploração do Patrimônio Imobiliário do Estado","Aluguéis, Arrendamentos, Foros, Laudêmios, Tarifas de Ocupação","Aluguéis do Terminal Rodoviário","1000","0"
"1.3.1.1.01.1.1.21","Receitas Correntes","Receita Patrimonial","Exploração do Patrimônio Imobiliário do Estado","Exploração do Patrimônio Imobiliário do Estado","Aluguéis, Arrendamentos, Foros, Laudêmios, Tarifas de Ocupação","Aluguel - Administração Indireta","1578500","871103.72"
"1.3.1.1.02.0.1.01","Receitas Correntes","Receita Patrimonial","Exploração do Patrimônio Imobiliário do Estado","Exploração do Patrimônio Imobiliário do Estado","Concessão, Permissão, Autorização ou Cessão do Direito de Uso de Bens Imóveis Públicos","Concessão de Direito de Uso de Área Pública - Adm. Direta","0","2800"
"1.3.1.1.02.0.1.03","Receitas Correntes","Receita Patrimonial","Exploração do Patrimônio Imobiliário do Estado","Exploração do Patrimônio Imobiliário do Estado","Concessão, Permissão, Autorização ou Cessão do Direito de Uso de Bens Imóveis Públicos","Concessão de Direito de Uso de Área Pública - Fundos Diversos","708000","38581.2"
"1.3.1.1.99.0.1.02","Receitas Correntes","Receita Patrimonial","Exploração do Patrimônio Imobiliário do Estado","Exploração do Patrimônio Imobiliário do Estado","Outras Receitas Imobiliárias","Outras Receitas Imobiliárias do SFH","1834000","565320.27"
"1.3.2.1.01.0.1.01","Receitas Correntes","Receita Patrimonial","Valores Mobiliários","Juros e Correções Monetárias","Remuneração de Depósitos Bancários","Remuneração de Depósitos Bancários Rec. Vinc. FUNDEB","8363000","3281547.41"
"1.3.2.1.01.0.1.02","Receitas Correntes","Receita Patrimonial","Valores Mobiliários","Juros e Correções Monetárias","Remuneração de Depósitos Bancários","Remuneração de Depósitos Bancários Rec. Vinc. - Royalties F 121","0","600.02"
"1.3.2.1.01.0.1.03","Receitas Correntes","Receita Patrimonial","Valores Mobiliários","Juros e Correções Monetárias","Remuneração de Depósitos Bancários","Remuneração de Depósitos Bancários Rec. Vinc. - FECOP","0","74489.62"
"1.3.2.1.01.0.1.04","Receitas Correntes","Receita Patrimonial","Valores Mobiliários","Juros e Correções Monetárias","Remuneração de Depósitos Bancários","Remuneração de Depósitos Bancários-Vinc.- Salário Educação","804000","524452.01"
"1.3.2.1.01.0.1.05","Receitas Correntes","Receita Patrimonial","Valores Mobiliários","Juros e Correções Monetárias","Remuneração de Depósitos Bancários","Remuneração de Depósitos Bancários Rec. Vinc. - CIDE","831000","609992.66"
"1.3.2.1.01.0.1.06","Receitas Correntes","Receita Patrimonial","Valores Mobiliários","Juros e Correções Monetárias","Remuneração de Depósitos Bancários","Remuneração de Depósitos Bancários Rec. Vinc. - Executivo","0","5080.2"
"1.3.2.1.01.0.1.08","Receitas Correntes","Receita Patrimonial","Valores Mobiliários","Juros e Correções Monetárias","Remuneração de Depósitos Bancários","Remuneração de Depósitos Bancários Rec. Vinc. FUNDEF","0","5557969.32"
"1.3.2.1.01.0.1.09","Receitas Correntes","Receita Patrimonial","Valores Mobiliários","Juros e Correções Monetárias","Remuneração de Depósitos Bancários","Remuneração de Depósitos Bancários Rec. Vinc. - Alienação de Bens - Adm. Indireta","4000","1548.25"
"1.3.2.1.01.0.1.10","Receitas Correntes","Receita Patrimonial","Valores Mobiliários","Juros e Correções Monetárias","Remuneração de Depósitos Bancários","Remuneração de Depósitos Bancários Rec. Vinc. - Outros Recursos Vinculados à Saúde","0","56438.57"
"1.3.2.1.01.0.1.12","Receitas Correntes","Receita Patrimonial","Valores Mobiliários","Juros e Correções Monetárias","Remuneração de Depósitos Bancários","Remuneração de Depósitos Bancários Rec. Vinc. - SUS - Média e Alta Complexidade","12000000","6497014.94"
"1.3.2.1.01.0.1.13","Receitas Correntes","Receita Patrimonial","Valores Mobiliários","Juros e Correções Monetárias","Remuneração de Depósitos Bancários","Remuneração de Depósitos Bancários Rec. Vinc. - SUS - Vigilância em Saúde","0","1193.66"
"1.3.2.1.01.0.1.14","Receitas Correntes","Receita Patrimonial","Valores Mobiliários","Juros e Correções Monetárias","Remuneração de Depósitos Bancários","Remuneração de Depósitos Bancários Rec. Vinc. - SUS - Assistência Farmacêutica","0","18760.98"
"1.3.2.1.01.0.1.15","Receitas Correntes","Receita Patrimonial","Valores Mobiliários","Juros e Correções Monetárias","Remuneração de Depósitos Bancários","Remuneração de Depósitos Bancários Rec. Vinc. - SUS - Gestão do SUS","0","1914.58"
"1.3.2.1.01.0.1.16","Receitas Correntes","Receita Patrimonial","Valores Mobiliários","Juros e Correções Monetárias","Remuneração de Depósitos Bancários","Remuneração de Depósitos Bancários Rec. Vinc. - SUS - Investimentos na Rede de Saúde","2905000","2073332.99"
"1.3.2.1.01.0.1.17","Receitas Correntes","Receita Patrimonial","Valores Mobiliários","Juros e Correções Monetárias","Remuneração de Depósitos Bancários","Remuneração de Depósitos Bancários Rec. Vinc. - SUS - Recursos de Convênio","0","325304.1"
"1.3.2.1.01.0.1.18","Receitas Correntes","Receita Patrimonial","Valores Mobiliários","Juros e Correções Monetárias","Remuneração de Depósitos Bancários","Remuneração de Depósitos Bancários Rec. Vinc. SUS","0","20716.45"
"1.3.2.1.01.0.1.19","Receitas Correntes","Receita Patrimonial","Valores Mobiliários","Juros e Correções Monetárias","Remuneração de Depósitos Bancários","Remuneração de Depósitos Bancários Rec. Vinc. SUS - Outros","0","3.04"
"1.3.2.1.01.0.1.20","Receitas Correntes","Receita Patrimonial","Valores Mobiliários","Juros e Correções Monetárias","Remuneração de Depósitos Bancários","Remuneração de Aplic. Financeira dos Rec. Vinculados - SUS - COVID-19","0","7876.11"
"1.3.2.1.01.0.1.22","Receitas Correntes","Receita Patrimonial","Valores Mobiliários","Juros e Correções Monetárias","Remuneração de Depósitos Bancários","Remuneração de Depósitos Bancários - Convênios - Assistência Social","0","134412.27"
"1.3.2.1.01.0.1.23","Receitas Correntes","Receita Patrimonial","Valores Mobiliários","Juros e Correções Monetárias","Remuneração de Depósitos Bancários","Remuneração de Depósitos Bancários Rec. Vinc. - FNAS - PETI","59000","19602.38"
"1.3.2.1.01.0.1.26","Receitas Correntes","Receita Patrimonial","Valores Mobiliários","Juros e Correções Monetárias","Remuneração de Depósitos Bancários","Remuneração de Depósitos Bancários Rec. Vinc. - Out. Rec. Vinc. à Ass. Social","826000","323740.6"
"1.3.2.1.01.0.1.27","Receitas Correntes","Receita Patrimonial","Valores Mobiliários","Juros e Correções Monetárias","Remuneração de Depósitos Bancários","Remuneração de Depósitos Bancários Rec. Vinc.-Fundo de Amparo ao Trabalhador - Fonte 714","0","2785.91"
"1.3.2.1.01.0.1.29","Receitas Correntes","Receita Patrimonial","Valores Mobiliários","Juros e Correções Monetárias","Remuneração de Depósitos Bancários","Remuneração de Depósitos Bancários Rec. Vinc. - FNAS - Outros","98000","500960.53"
"1.3.2.1.01.0.1.30","Receitas Correntes","Receita Patrimonial","Valores Mobiliários","Juros e Correções Monetárias","Remuneração de Depósitos Bancários","Remuneração de Depósitos Bancários Rec. Vinc. - FNSP","12336000","4690316.11"
"1.3.2.1.01.0.1.31","Receitas Correntes","Receita Patrimonial","Valores Mobiliários","Juros e Correções Monetárias","Remuneração de Depósitos Bancários","Remuneração de Depósitos Bancários Rec. Vinc. - FNDE - PDDE","12000","4757.58"
"1.3.2.1.01.0.1.32","Receitas Correntes","Receita Patrimonial","Valores Mobiliários","Juros e Correções Monetárias","Remuneração de Depósitos Bancários","Remuneração de Depósitos Bancários Rec. Vinc. - FNDE - PNAE","649000","190401.21"
"1.3.2.1.01.0.1.33","Receitas Correntes","Receita Patrimonial","Valores Mobiliários","Juros e Correções Monetárias","Remuneração de Depósitos Bancários","Remuneração de Depósitos Bancários Rec. Vinc. - FNDE - PNATE","32000","25148.67"
"1.3.2.1.01.0.1.34","Receitas Correntes","Receita Patrimonial","Valores Mobiliários","Juros e Correções Monetárias","Remuneração de Depósitos Bancários","Remuneração de Depósitos Bancários Rec. Vinc. - Lei Aldir Blanc","0","1196145.91"
"1.3.2.1.01.0.1.35","Receitas Correntes","Receita Patrimonial","Valores Mobiliários","Juros e Correções Monetárias","Remuneração de Depósitos Bancários","Remuneração Recursos Vinculados - Convênios - Adm. Indireta","0","24338.3"
"1.3.2.1.01.0.1.36","Receitas Correntes","Receita Patrimonial","Valores Mobiliários","Juros e Correções Monetárias","Remuneração de Depósitos Bancários","Remuneração Recursos Vinculados - Convênios - Adm. Direta","3741000","1712169.05"
"1.3.2.1.01.0.1.37","Receitas Correntes","Receita Patrimonial","Valores Mobiliários","Juros e Correções Monetárias","Remuneração de Depósitos Bancários","Remuneração Recursos Vinculados Sistema Proteção Social Militares","0","56.47"
"1.3.2.1.01.0.1.38","Receitas Correntes","Receita Patrimonial","Valores Mobiliários","Juros e Correções Monetárias","Remuneração de Depósitos Bancários","Remuneração de Depósitos Bancários Rec. Vinc. - Cultura Fonte 0.7.15","0","1300.43"
"1.3.2.1.01.0.1.39","Receitas Correntes","Receita Patrimonial","Valores Mobiliários","Juros e Correções Monetárias","Remuneração de Depósitos Bancários","Remuneração de Depósitos Bancários Rec. Vinc. - FNDE - Outros","13702000","4957794.94"
"1.3.2.1.01.0.1.40","Receitas Correntes","Receita Patrimonial","Valores Mobiliários","Juros e Correções Monetárias","Remuneração de Depósitos Bancários","Remuneração Recursos Vinculados Diretamente Arrecadados - Administração  Direta","1388000","3416683.49"
"1.3.2.1.01.0.1.41","Receitas Correntes","Receita Patrimonial","Valores Mobiliários","Juros e Correções Monetárias","Remuneração de Depósitos Bancários","Remuneração Rec. Vinc. - Convênios - Adm. Direta","21475000","2089986.26"
"1.3.2.1.01.0.1.42","Receitas Correntes","Receita Patrimonial","Valores Mobiliários","Juros e Correções Monetárias","Remuneração de Depósitos Bancários","Remuneração Recursos Vinculados - Operações de Crédito Interna - Administração Direta","453000","329074.96"
"1.3.2.1.01.0.1.43","Receitas Correntes","Receita Patrimonial","Valores Mobiliários","Juros e Correções Monetárias","Remuneração de Depósitos Bancários","Remuneração Recursos  Vinculados - Operação de Crédito Externa - Administração Direta","0","73.72"
"1.3.2.1.01.0.1.44","Receitas Correntes","Receita Patrimonial","Valores Mobiliários","Juros e Correções Monetárias","Remuneração de Depósitos Bancários","Remuneração Recursos Vinculados - Recursos Diversos - Administração Direta","10000000","589359.73"
"1.3.2.1.01.0.1.45","Receitas Correntes","Receita Patrimonial","Valores Mobiliários","Juros e Correções Monetárias","Remuneração de Depósitos Bancários","Remuneração Recursos Vinculados - Diretamente Arrecadados - Administração Indireta","1798000","1811553.43"
"1.3.2.1.01.0.1.46","Receitas Correntes","Receita Patrimonial","Valores Mobiliários","Juros e Correções Monetárias","Remuneração de Depósitos Bancários","Remuneração Recursos Vinculados - Convênios - Administração Indireta","7000","1013955.5"
"1.3.2.1.01.0.1.48","Receitas Correntes","Receita Patrimonial","Valores Mobiliários","Juros e Correções Monetárias","Remuneração de Depósitos Bancários","Remuneração de Outros Depósitos Rec. Vinc. - Adm. Direta","0","27622.31"
"1.3.2.1.01.0.1.49","Receitas Correntes","Receita Patrimonial","Valores Mobiliários","Juros e Correções Monetárias","Remuneração de Depósitos Bancários","Remuneração de Outros Depósitos Rec. Vinc. - Adm. Indireta","0","17149.69"
"1.3.2.1.01.0.1.51","Receitas Correntes","Receita Patrimonial","Valores Mobiliários","Juros e Correções Monetárias","Remuneração de Depósitos Bancários","Remuneração de Depósitos Bancários Rec. Não Vinc. - Adm. Indireta","752000","364915.42"
"1.3.2.1.01.0.1.56","Receitas Correntes","Receita Patrimonial","Valores Mobiliários","Juros e Correções Monetárias","Remuneração de Depósitos Bancários","Remuneração de Depósitos Bancários Rec. Não Vinc. - MP Fundos","0","180.14"
"1.3.2.1.01.0.1.62","Receitas Correntes","Receita Patrimonial","Valores Mobiliários","Juros e Correções Monetárias","Remuneração de Depósitos Bancários","Remuneração de Depósitos Bancários Rec. Não Vinc. - Executivo","25230000","5650282.78"
"1.3.2.1.01.0.1.63","Receitas Correntes","Receita Patrimonial","Valores Mobiliários","Juros e Correções Monetárias","Remuneração de Depósitos Bancários","Remuneração de Depósitos Bancários Rec. Vinc. - Cultura Fonte 0.7.16","0","181.95"
"1.3.2.1.01.0.1.66","Receitas Correntes","Receita Patrimonial","Valores Mobiliários","Juros e Correções Monetárias","Remuneração de Depósitos Bancários","Remuneração Dep. Bancário Não Vinculado - Fonte 708","0","2757.92"
"1.3.2.1.01.0.1.67","Receitas Correntes","Receita Patrimonial","Valores Mobiliários","Juros e Correções Monetárias","Remuneração de Depósitos Bancários","Remuneração Rec. de Operações de Crédito Externa - Gov. Cidadão","0","983751.81"
"1.3.2.1.01.0.1.68","Receitas Correntes","Receita Patrimonial","Valores Mobiliários","Juros e Correções Monetárias","Remuneração de Depósitos Bancários","Remuneração de Depósitos Bancários Recursos Vinculados -Fundos Diversos","159000","553104.84"
"1.3.2.1.01.0.1.70","Receitas Correntes","Receita Patrimonial","Valores Mobiliários","Juros e Correções Monetárias","Remuneração de Depósitos Bancários","Remuneração Rec. Dep. Banca deTransferência Especial da União","0","292041.2"
"1.3.2.1.01.0.1.72","Receitas Correntes","Receita Patrimonial","Valores Mobiliários","Juros e Correções Monetárias","Remuneração de Depósitos Bancários","Remuneração Rec. Vinc. - contrapartida de Convênios - Adm. Direta","0","23818.15"
"1.3.2.1.01.0.1.73","Receitas Correntes","Receita Patrimonial","Valores Mobiliários","Juros e Correções Monetárias","Remuneração de Depósitos Bancários","Remuneração de Depósitos Bancários Rec. Vinc. - SUS - Gestão do SUS - Piso enfermagem","835000","218142.59"
"1.3.2.1.01.0.1.75","Receitas Correntes","Receita Patrimonial","Valores Mobiliários","Juros e Correções Monetárias","Remuneração de Depósitos Bancários","Remuneração - Recursos Vinculados ao Trânsito","1716000","376563.64"
"1.3.2.1.01.0.1.76","Receitas Correntes","Receita Patrimonial","Valores Mobiliários","Juros e Correções Monetárias","Remuneração de Depósitos Bancários","Remuneração de Depósitos Bancários Recursos Vinculados -Fundos Diversos FUNPERN","0","1211646.87"
"1.3.2.1.01.0.1.77","Receitas Correntes","Receita Patrimonial","Valores Mobiliários","Juros e Correções Monetárias","Remuneração de Depósitos Bancários","Remuneração de Depósitos Bancários Rec. Vinc. - Lei Pelé","341000","47421.81"
"1.3.2.1.01.0.1.78","Receitas Correntes","Receita Patrimonial","Valores Mobiliários","Juros e Correções Monetárias","Remuneração de Depósitos Bancários","Remuneração Recursos Vinculados - Diretamente Arrecadados - Administração Indireta","0","124420.03"
"1.3.2.1.01.0.1.79","Receitas Correntes","Receita Patrimonial","Valores Mobiliários","Juros e Correções Monetárias","Remuneração de Depósitos Bancários","Remuneração Rec. Vinc. - Convênios Municipais - Adm. Direta","0","4297.64"
"1.3.2.1.01.0.1.80","Receitas Correntes","Receita Patrimonial","Valores Mobiliários","Juros e Correções Monetárias","Remuneração de Depósitos Bancários","Remuneração de Depósitos Bancários Rec. Vinc.- FR 0.799","0","95708.04"
"1.3.2.1.01.0.1.88","Receitas Correntes","Receita Patrimonial","Valores Mobiliários","Juros e Correções Monetárias","Remuneração de Depósitos Bancários","Remuneração de Depósitos Bancários Rec. Vinc. - Outras. transf. conv. entidades","0","9403.49"
"1.3.2.1.01.0.1.98","Receitas Correntes","Receita Patrimonial","Valores Mobiliários","Juros e Correções Monetárias","Remuneração de Depósitos Bancários","Remuneração Rec. de Outros Depósitos Não Vinc. - Adm. Direta","10000000","663.39"
"1.3.2.1.04.0.1.02","Receitas Correntes","Receita Patrimonial","Valores Mobiliários","Juros e Correções Monetárias","Remuneração dos Recursos do Regime Próprio de Previdência Social - RPPS","Remuneração dos Investimentos em Rendas Variáveis","1243000","737004.5"
"1.3.2.1.04.0.1.03","Receitas Correntes","Receita Patrimonial","Valores Mobiliários","Juros e Correções Monetárias","Remuneração dos Recursos do Regime Próprio de Previdência Social - RPPS","Remuneração dos Investimentos em Fundos Imobiliários","3000","0"
"1.3.2.1.04.0.1.04","Receitas Correntes","Receita Patrimonial","Valores Mobiliários","Juros e Correções Monetárias","Remuneração dos Recursos do Regime Próprio de Previdência Social - RPPS","Remuneração dos Investimentos em Renda Fixa - Fundo Financeiro","11203000","1642937.24"
"1.3.2.1.04.0.1.09","Receitas Correntes","Receita Patrimonial","Valores Mobiliários","Juros e Correções Monetárias","Remuneração dos Recursos do Regime Próprio de Previdência Social - RPPS","Remuneração dos Investimentos em Renda Fixa - IPERN","3282000","1922990.31"
"1.3.2.1.06.0.1.01","Receitas Correntes","Receita Patrimonial","Valores Mobiliários","Juros e Correções Monetárias","Juros sobre o Capital Próprio","Juros sobre o Capital Próprio - Administração Direta","0","1084441.91"
"1.3.2.2.01.0.1.01","Receitas Correntes","Receita Patrimonial","Valores Mobiliários","Dividendos","Dividendos","Dividendos - Administração Direta","0","2360415.83"
"1.3.4.5.01.0.1.01","Receitas Correntes","Receita Patrimonial","Exploração de Recursos Naturais","Exploração de Recursos Hídricos","Outorga de Direitos de Uso de Recursos Hídricos","Outorga de Direitos de Uso de Recursos Hídricos - Principal - Decreto 33.286","1737000","0"
"1.3.9.9.99.0.1.02","Receitas Correntes","Receita Patrimonial","Demais Receitas Patrimoniais","Outras Receitas Patrimoniais","Outras Receitas Patrimoniais","Outras Receitas Patrimoniais - Adm. Indireta","9000","0"
"1.4.1.1.01.0.1.03","Receitas Correntes","Receita Agropecuária","Receita Agropecuária","Receita Agropecuária","Receita Agropecuária","Receita Agropecuária - Pecuária","1167000","427368.96"
"1.5.1.1.01.0.1.02","Receitas Correntes","Receita Industrial","Receita Industrial","Receita Industrial","Receita Industrial","Receita Industrial de Publicidade e Propaganda","4847000","1271216.68"
"1.6.1.1.01.0.1.05","Receitas Correntes","Receita de Serviços","Serviços Administrativos e Comerciais Gerais","Serviços Administrativos e Comerciais Gerais","Serviços Administrativos e Comerciais Gerais","Serviços Educacionais","379000","151867.5"
"1.6.1.1.01.0.1.06","Receitas Correntes","Receita de Serviços","Serviços Administrativos e Comerciais Gerais","Serviços Administrativos e Comerciais Gerais","Serviços Administrativos e Comerciais Gerais","Serviços Agropecuários","520000","0"
"1.6.1.1.01.0.1.08","Receitas Correntes","Receita de Serviços","Serviços Administrativos e Comerciais Gerais","Serviços Administrativos e Comerciais Gerais","Serviços Administrativos e Comerciais Gerais","Serviços de Consultoria ou Assessoria Técnica","1500000","0"
"1.6.1.1.01.0.1.16","Receitas Correntes","Receita de Serviços","Serviços Administrativos e Comerciais Gerais","Serviços Administrativos e Comerciais Gerais","Serviços Administrativos e Comerciais Gerais","Serviços Agropecuários - Adm. Indireta","130000","28460.52"
"1.6.1.1.01.0.1.21","Receitas Correntes","Receita de Serviços","Serviços Administrativos e Comerciais Gerais","Serviços Administrativos e Comerciais Gerais","Serviços Administrativos e Comerciais Gerais","Serviço Programa Restaurante Popular","8050000","3066546.11"
"1.6.1.1.02.0.1.01","Receitas Correntes","Receita de Serviços","Serviços Administrativos e Comerciais Gerais","Serviços Administrativos e Comerciais Gerais","Inscrição em Concursos e Processos Seletivos","Serviços de Inscrição em Concursos Públicos - Saúde","0","250"
"1.6.1.1.02.0.1.20","Receitas Correntes","Receita de Serviços","Serviços Administrativos e Comerciais Gerais","Serviços Administrativos e Comerciais Gerais","Inscrição em Concursos e Processos Seletivos","Serviços de Inscrição em Processos Seletivos - Órgãos Adm. Indireta","13000","0"
"1.6.1.1.02.0.1.22","Receitas Correntes","Receita de Serviços","Serviços Administrativos e Comerciais Gerais","Serviços Administrativos e Comerciais Gerais","Inscrição em Concursos e Processos Seletivos","Serviços de Inscrição em Processos Seletivos - Fundos Diversos","1000","0"
"1.6.1.1.02.0.1.23","Receitas Correntes","Receita de Serviços","Serviços Administrativos e Comerciais Gerais","Serviços Administrativos e Comerciais Gerais","Inscrição em Concursos e Processos Seletivos","Serviços de Inscrição em Concursos Públicos - Fundos","12000000","3910452.5"
"1.6.9.9.99.0.1.30","Receitas Correntes","Receita de Serviços","Outros Serviços","Outros Serviços","Outros Serviços","Outros Serviços - Vinculado a Fundos Diversos","7000","0"
"1.6.9.9.99.0.1.98","Receitas Correntes","Receita de Serviços","Outros Serviços","Outros Serviços","Outros Serviços","Outros Serviços - Admin. Indireta","0","141856.27"
"1.7.1.1.50.0.1.01","Receitas Correntes","Transferências Correntes","Transferências da União e de suas Entidades","Transferências Decorrentes de Participação na Receita da União","Cota-Parte do Fundo de Participação dos Estados e do Distrito Federal - FPE","Cota-Parte do FPE","8381505000","4030331141.7"
"1.7.1.1.53.0.1.01","Receitas Correntes","Transferências Correntes","Transferências da União e de suas Entidades","Transferências Decorrentes de Participação na Receita da União","Cota-Parte do Imposto Sobre Produtos Industrializados ¿ Estados Exportadores de Produtos I","Cota-Parte do IPI","14599000","13198469.25"
"1.7.1.1.53.0.1.02","Receitas Correntes","Transferências Correntes","Transferências da União e de suas Entidades","Transferências Decorrentes de Participação na Receita da União","Cota-Parte do Imposto Sobre Produtos Industrializados ¿ Estados Exportadores de Produtos I","Cota-Parte do IPI ","4866000","4399489.5"
"1.7.1.1.54.0.1.01","Receitas Correntes","Transferências Correntes","Transferências da União e de suas Entidades","Transferências Decorrentes de Participação na Receita da União","Cota-Parte da Contribuição de Intervenção no Domínio Econômico","Cota-Parte CIDE ","9156000","5799140.81"
"1.7.1.1.54.0.1.02","Receitas Correntes","Transferências Correntes","Transferências da União e de suas Entidades","Transferências Decorrentes de Participação na Receita da União","Cota-Parte da Contribuição de Intervenção no Domínio Econômico","Cota-Parte CIDE ","0","1933046.94"
"1.7.1.2.51.0.1.01","Receitas Correntes","Transferências Correntes","Transferências da União e de suas Entidades","Transferências das Compensações Financeiras pela Exploração de Recursos Naturais","Cota-parte da Compensação Financeira pela Exploração de Recursos Minerais - CFEM","Cota-parte da Compensação Financeira pela Exploração de Recursos Minerais - CFEM","0","333770.67"
"1.7.1.2.52.1.1.01","Receitas Correntes","Transferências Correntes","Transferências da União e de suas Entidades","Transferências das Compensações Financeiras pela Exploração de Recursos Naturais","Cota-parte da Compensação Financeira pela Produção de Petróleo","Cota-parte da Compensação Financeira pela Produção de Petróleo ¿ Lei nº 7.990/90 - Estadua","142120000","55550154.42"
"1.7.1.2.52.1.1.02","Receitas Correntes","Transferências Correntes","Transferências da União e de suas Entidades","Transferências das Compensações Financeiras pela Exploração de Recursos Naturais","Cota-parte da Compensação Financeira pela Produção de Petróleo","Cota-parte da Compensação Financeira pela Produção de Petróleo ¿ Lei nº 7.990/90 - Municip","47373000","18516718.15"
"1.7.1.2.52.2.1.01","Receitas Correntes","Transferências Correntes","Transferências da União e de suas Entidades","Transferências das Compensações Financeiras pela Exploração de Recursos Naturais","Cota-parte da Compensação Financeira pela Produção de Petróleo","Cota-parte pelo Excedente da Produção do Petróleo ¿ Lei nº 9.478/97, artigo 49, I e II","98327000","35573958.32"
"1.7.1.2.52.4.1.01","Receitas Correntes","Transferências Correntes","Transferências da União e de suas Entidades","Transferências das Compensações Financeiras pela Exploração de Recursos Naturais","Cota-parte da Compensação Financeira pela Produção de Petróleo","Cota-Parte do Fundo Especial do Petróleo - FEP","32943000","17900047.07"
"1.7.1.3.50.1.1.01","Receitas Correntes","Transferências Correntes","Transferências da União e de suas Entidades","Transferências de Recursos do Sistema Único de Saúde ¿ SUS ","Transferências de Recursos do Sistema Único de Saúde ¿ SUS ¿ Repasses Fundo a Fundo - Bloc","Transferência - SUS - Atenção Básica","127000","366500"
"1.7.1.3.50.2.1.01","Receitas Correntes","Transferências Correntes","Transferências da União e de suas Entidades","Transferências de Recursos do Sistema Único de Saúde ¿ SUS ","Transferências de Recursos do Sistema Único de Saúde ¿ SUS ¿ Repasses Fundo a Fundo - Bloc","Transferência - SUS - Alta e Média Complexidade","550000000","361172240.56"
"1.7.1.3.50.2.1.10","Receitas Correntes","Transferências Correntes","Transferências da União e de suas Entidades","Transferências de Recursos do Sistema Único de Saúde ¿ SUS ","Transferências de Recursos do Sistema Único de Saúde ¿ SUS ¿ Repasses Fundo a Fundo - Bloc","Transferências SUS ¿ Atenção Especializada - Emendas Parlamentares Individuais","0","311903"
"1.7.1.3.50.3.1.01","Receitas Correntes","Transferências Correntes","Transferências da União e de suas Entidades","Transferências de Recursos do Sistema Único de Saúde ¿ SUS ","Transferências de Recursos do Sistema Único de Saúde ¿ SUS ¿ Repasses Fundo a Fundo - Bloc","Transferência - SUS - Vigilância em Saúde","9800000","3783043.94"
"1.7.1.3.50.4.1.01","Receitas Correntes","Transferências Correntes","Transferências da União e de suas Entidades","Transferências de Recursos do Sistema Único de Saúde ¿ SUS ","Transferências de Recursos do Sistema Único de Saúde ¿ SUS ¿ Repasses Fundo a Fundo - Bloc","Transferência - SUS - Assistência Farmacêutica","4500000","1463057.78"
"1.7.1.3.50.5.1.02","Receitas Correntes","Transferências Correntes","Transferências da União e de suas Entidades","Transferências de Recursos do Sistema Único de Saúde ¿ SUS ","Transferências de Recursos do Sistema Único de Saúde ¿ SUS ¿ Repasses Fundo a Fundo - Bloc","Transferência - SUS - Gestão do SUS - Piso Enfermagem","64000000","31168784.52"
"1.7.1.3.99.0.1.01","Receitas Correntes","Transferências Correntes","Transferências da União e de suas Entidades","Transferências de Recursos do Sistema Único de Saúde ¿ SUS ","Outras Transferências de Recursos do Sistema Único de Saúde ¿ SUS ","Outras Transferências de Recurso do SUS, não detalhadas anteriormente","0","168019.14"
"1.7.1.4.50.0.1.01","Receitas Correntes","Transferências Correntes","Transferências da União e de suas Entidades","Transferências de Recursos do Fundo Nacional do Desenvolvimento da Educação ¿ FNDE  ","Transferências do Salário-Educação","Transferências do Salário-Educação","30486000","50939291.16"
"1.7.1.4.51.0.1.01","Receitas Correntes","Transferências Correntes","Transferências da União e de suas Entidades","Transferências de Recursos do Fundo Nacional do Desenvolvimento da Educação ¿ FNDE  ","Transferências Diretas do FNDE referentes ao Programa Dinheiro Direto na Escola ¿ PDDE","Transferências Diretas do FNDE referentes ao Programa Dinheiro Direto na Escola - PDDE","176000","150"
"1.7.1.4.52.0.1.01","Receitas Correntes","Transferências Correntes","Transferências da União e de suas Entidades","Transferências de Recursos do Fundo Nacional do Desenvolvimento da Educação ¿ FNDE  ","Transferências referentes ao Programa Nacional de Alimentação Escolar ¿ PNAE","Transferências referentes ao Programa Nacional de Alimentação Escolar ¿ PNAE","27726000","13115057"
"1.7.1.4.53.0.1.01","Receitas Correntes","Transferências Correntes","Transferências da União e de suas Entidades","Transferências de Recursos do Fundo Nacional do Desenvolvimento da Educação ¿ FNDE  ","Transferências referentes ao Programa Nacional de Apoio ao Transporte do Escolar ¿ PNATE","Transferências referentes ao Programa Nacional de Apoio ao Transporte do Escolar ¿ PNATE","452000","162056.96"
"1.7.1.4.99.0.1.01","Receitas Correntes","Transferências Correntes","Transferências da União e de suas Entidades","Transferências de Recursos do Fundo Nacional do Desenvolvimento da Educação ¿ FNDE  ","Outras Transferências Diretas do Fundo Nacional do Desenvolvimento da Educação ¿ FNDE","Outras Transferências Diretas do FNDE","41385000","9901886.21"
"1.7.1.5.52.0.1.01","Receitas Correntes","Transferências Correntes","Transferências da União e de suas Entidades","Transferências de Recursos de Complementação da União ao Fundo de Manutenção e Desenvolvim","Transferências de Recursos de Complementação da União ao Fundeb ¿ VAAR","Transferências de Recursos de Complementação da União ao Fundeb - VAAR","0","3399104.97"
"1.7.1.6.50.0.1.99","Receitas Correntes","Transferências Correntes","Transferências da União e de suas Entidades","Transferências de Recursos do Fundo Nacional de Assistência Social ¿ FNAS ","Transferências de Recursos do Fundo Nacional de Assistência Social ¿ FNAS","Transferências de Recursos do Fundo Nacional de Assistência Social - FNAS - Outros Recurso","2875000","279798.52"
"1.7.1.7.50.0.1.20","Receitas Correntes","Transferências Correntes","Transferências da União e de suas Entidades","Transferências de Convênios da União e de Suas Entidades","Transferências de Convênios da União para o Sistema Único de Saúde ¿ SUS","Transferências de Convênios da União para o Sistema Único de Saúde ¿ SUS - Emendas Parlame","14500000","0"
"1.7.1.7.51.0.1.01","Receitas Correntes","Transferências Correntes","Transferências da União e de suas Entidades","Transferências de Convênios da União e de Suas Entidades","Transferências de Convênios da União Destinadas a Programas de Educação","Transferências de Convênios da União Destinadas a Programas de Educação","3581000","104504.4"
"1.7.1.7.99.0.1.01","Receitas Correntes","Transferências Correntes","Transferências da União e de suas Entidades","Transferências de Convênios da União e de Suas Entidades","Outras Transferências de Convênios da União e de Suas Entidades","Transferência da União Fundo a Fundo FUNPERN","29397000","1248129.74"
"1.7.1.7.99.0.1.10","Receitas Correntes","Transferências Correntes","Transferências da União e de suas Entidades","Transferências de Convênios da União e de Suas Entidades","Outras Transferências de Convênios da União e de Suas Entidades","Outras Transferências de Convênios da União e de Suas Entidades - Emendas Individuais","7210000","275000"
"1.7.1.7.99.0.1.20","Receitas Correntes","Transferências Correntes","Transferências da União e de suas Entidades","Transferências de Convênios da União e de Suas Entidades","Outras Transferências de Convênios da União e de Suas Entidades","Outras Transferências de Convênios da União e de Suas Entidades - Emendas de Bancada","2455000","0"
"1.7.1.7.99.0.1.98","Receitas Correntes","Transferências Correntes","Transferências da União e de suas Entidades","Transferências de Convênios da União e de Suas Entidades","Outras Transferências de Convênios da União e de Suas Entidades","Outras Transf. Convênios União - Administração Direta","165678000","2109780"
"1.7.1.7.99.0.1.99","Receitas Correntes","Transferências Correntes","Transferências da União e de suas Entidades","Transferências de Convênios da União e de Suas Entidades","Outras Transferências de Convênios da União e de Suas Entidades","Outras Transf. Convênios União - Administração Indireta","26205000","2075456"
"1.7.1.9.54.1.1.01","Receitas Correntes","Transferências Correntes","Transferências da União e de suas Entidades","Outras Transferências de Recursos da União e suas Entidades","Transferências de Recursos do Fundo Nacional de Segurança Pública - FNSP ","Transferências de Recursos do Fundo Nacional de Segurança Pública FNSP Obrigatórias","14939000","1024445.85"
"1.7.1.9.99.0.1.04","Receitas Correntes","Transferências Correntes","Transferências da União e de suas Entidades","Outras Transferências de Recursos da União e suas Entidades","Outras Transferências de Recursos da União e de suas Entidades","Outras Transferências da União - Lei 9.615/1998 - Lei Pelé","211000","543314.48"
"1.7.1.9.99.0.1.14","Receitas Correntes","Transferências Correntes","Transferências da União e de suas Entidades","Outras Transferências de Recursos da União e suas Entidades","Outras Transferências de Recursos da União e de suas Entidades","Outras Tranfer. da União - Compensação Perdas ICMS Exportação. LC 176/2020. Fonte 501.","0","3197250.2"
"1.7.3.2.99.0.1.01","Receitas Correntes","Transferências Correntes","transferência dos Municípios e de suas Entidades","Transferências de Convênios dos Municípios e de Suas Entidades","Outras Transferências de Convênios dos Municípios e de Suas Entidades","Outras Transferências de Convênios dos Municípios","0","148856.4"
"1.7.3.9.99.0.1.02","Receitas Correntes","Transferências Correntes","transferência dos Municípios e de suas Entidades","Outras Transferências dos Municípios","Outras Transferências dos Municípios","Outras Transferências dos Municípios ização do DETRAN","1156000","785383.4"
"1.7.4.1.01.0.1.01","Receitas Correntes","Transferências Correntes","Transferências de Instituições Privadas","Transferências de Instituições Privadas","Transferências de Instituições Privadas","Transferências de Instituições Privadas para Adm. Direta - FUNDO PROEDI","3363000","1606493.11"
"1.7.4.1.01.0.1.02","Receitas Correntes","Transferências Correntes","Transferências de Instituições Privadas","Transferências de Instituições Privadas","Transferências de Instituições Privadas","Transferências de Instituições Privadas pela Adm. Indireta - FUNDO PROEDI","3308000","1649752.83"
"1.7.4.1.99.0.1.01","Receitas Correntes","Transferências Correntes","Transferências de Instituições Privadas","Transferências de Instituições Privadas","Outras Transferências de Instituições Privadas","Outras Transferências de Instituições Privadas - Principal Doação p/ Saúde","0","27649.74"
"1.7.5.1.50.0.1.01","Receitas Correntes","Transferências Correntes","Demais Transferências de Outras Instituições Públicas","Transferências de Recursos do Fundo de Manutenção e Desenvolvimento da Educação Básica e d","Transferências de Recursos do Fundo de Manutenção e Desenvolvimento da Educação Básica e d","Transferências de Recursos do FUNDEB","1491235000","732140320.2"
"1.7.9.1.01.0.1.01","Receitas Correntes","Transferências Correntes","Demais Transferências Correntes","Transferências de Pessoas Físicas","Transferências de Pessoas Físicas para Órgãos e Entidades da União","Transferências de Pessoas Físicas","22000","0"
"1.9.1.1.01.0.1.01","Receitas Correntes","Outras Receitas Correntes","Multas Administrativas, Contratuais e Judiciais","Multas Administrativas, Contratuais e Judiciais","Multas Previstas em Legislação Específica","Multas por Infração a Legislação de Trânsito","27682000","15118318.04"
"1.9.1.1.01.0.1.02","Receitas Correntes","Outras Receitas Correntes","Multas Administrativas, Contratuais e Judiciais","Multas Administrativas, Contratuais e Judiciais","Multas Previstas em Legislação Específica","Multas por Infração a Legislação de Operação do Transporte Rodoviário","277000","101863.98"
"1.9.1.1.01.0.1.08","Receitas Correntes","Outras Receitas Correntes","Multas Administrativas, Contratuais e Judiciais","Multas Administrativas, Contratuais e Judiciais","Multas Previstas em Legislação Específica","Multa por Infração à Legislaçao Ambiental","0","71598.82"
"1.9.1.1.01.0.1.09","Receitas Correntes","Outras Receitas Correntes","Multas Administrativas, Contratuais e Judiciais","Multas Administrativas, Contratuais e Judiciais","Multas Previstas em Legislação Específica","Multa por Infração à Legislação do Programa Estadual de Educação e Cidadania Fiscal","8000000","7800977.7"
"1.9.1.1.01.0.1.10","Receitas Correntes","Outras Receitas Correntes","Multas Administrativas, Contratuais e Judiciais","Multas Administrativas, Contratuais e Judiciais","Multas Previstas em Legislação Específica","Multa por Infração à Legislação Agropecuária","4774000","1588996.12"
"1.9.1.1.01.0.3.02","Receitas Correntes","Outras Receitas Correntes","Multas Administrativas, Contratuais e Judiciais","Multas Administrativas, Contratuais e Judiciais","Multas Previstas em Legislação Específica","Dívida Ativa da Multa por Infração de Operação Transporte Rodoviario","1000","0"
"1.9.1.1.01.0.3.08","Receitas Correntes","Outras Receitas Correntes","Multas Administrativas, Contratuais e Judiciais","Multas Administrativas, Contratuais e Judiciais","Multas Previstas em Legislação Específica","Dívida Ativa da Multa por Infração a Legislação Ambiental","0","17614.21"
"1.9.1.1.01.0.7.01","Receitas Correntes","Outras Receitas Correntes","Multas Administrativas, Contratuais e Judiciais","Multas Administrativas, Contratuais e Judiciais","Multas Previstas em Legislação Específica","Multa  de Mora DER - Divida Ativa","6000","0"
"1.9.1.1.01.0.7.08","Receitas Correntes","Outras Receitas Correntes","Multas Administrativas, Contratuais e Judiciais","Multas Administrativas, Contratuais e Judiciais","Multas Previstas em Legislação Específica","Dívida Ativa da Multa por Infração a Legislação Ambiental - Multas","191000","41099.73"
"1.9.1.1.01.0.7.11","Receitas Correntes","Outras Receitas Correntes","Multas Administrativas, Contratuais e Judiciais","Multas Administrativas, Contratuais e Judiciais","Multas Previstas em Legislação Específica","Dívida Ativa da Multa por Infração a Legislação Agropecuária - Multas","0","179999.25"
"1.9.1.1.01.0.8.01","Receitas Correntes","Outras Receitas Correntes","Multas Administrativas, Contratuais e Judiciais","Multas Administrativas, Contratuais e Judiciais","Multas Previstas em Legislação Específica","Juros de Mora - Multas Previstas Legislação de Trânsito - Divida Ativa","6000","0"
"1.9.1.1.01.0.8.08","Receitas Correntes","Outras Receitas Correntes","Multas Administrativas, Contratuais e Judiciais","Multas Administrativas, Contratuais e Judiciais","Multas Previstas em Legislação Específica","Juros de Mora - Multas Previstas Legislação de Ambiental- Divida Ativa","127000","33683.73"
"1.9.1.1.01.0.8.11","Receitas Correntes","Outras Receitas Correntes","Multas Administrativas, Contratuais e Judiciais","Multas Administrativas, Contratuais e Judiciais","Multas Previstas em Legislação Específica","Juros de Mora - Multas Previstas Legislação Agropecuária - Divida Ativa","0","21064.58"
"1.9.1.1.04.0.1.01","Receitas Correntes","Outras Receitas Correntes","Multas Administrativas, Contratuais e Judiciais","Multas Administrativas, Contratuais e Judiciais","Multas Previstas na Legislação sobre Defesa dos Direitos Difusos","Multas Aplicada pelo PROCON","1319000","281639.49"
"1.9.1.1.04.0.3.01","Receitas Correntes","Outras Receitas Correntes","Multas Administrativas, Contratuais e Judiciais","Multas Administrativas, Contratuais e Judiciais","Multas Previstas na Legislação sobre Defesa dos Direitos Difusos","Dívida Ativa da Multa Aplicadas pelo PROCON","206000","0"
"1.9.1.1.04.0.7.01","Receitas Correntes","Outras Receitas Correntes","Multas Administrativas, Contratuais e Judiciais","Multas Administrativas, Contratuais e Judiciais","Multas Previstas na Legislação sobre Defesa dos Direitos Difusos","Multa de Mora Procon - Divida Ativa","281000","6936.3"
"1.9.1.1.04.0.8.01","Receitas Correntes","Outras Receitas Correntes","Multas Administrativas, Contratuais e Judiciais","Multas Administrativas, Contratuais e Judiciais","Multas Previstas na Legislação sobre Defesa dos Direitos Difusos","Juros de Mora PROCON - Divida Ativa","0","5410.58"
"1.9.1.1.07.0.3.01","Receitas Correntes","Outras Receitas Correntes","Multas Administrativas, Contratuais e Judiciais","Multas Administrativas, Contratuais e Judiciais","Multas Aplicadas pelos Tribunais de Contas","Multas Aplicadas pelo TCE - Dívida Ativa","0","0"
"1.9.1.1.07.0.7.01","Receitas Correntes","Outras Receitas Correntes","Multas Administrativas, Contratuais e Judiciais","Multas Administrativas, Contratuais e Judiciais","Multas Aplicadas pelos Tribunais de Contas","Divida Ativa - Multa de Mora TCE","0","0"
"1.9.1.1.07.0.8.01","Receitas Correntes","Outras Receitas Correntes","Multas Administrativas, Contratuais e Judiciais","Multas Administrativas, Contratuais e Judiciais","Multas Aplicadas pelos Tribunais de Contas","Divida Ativa - Juros de Mora TCE","0","0"
"1.9.1.1.08.0.1.01","Receitas Correntes","Outras Receitas Correntes","Multas Administrativas, Contratuais e Judiciais","Multas Administrativas, Contratuais e Judiciais","Multas Decorrentes de Sentenças Judiciais","Multas Decorrentes Sentença Penal Condenatória","4400000","305331.88"
"1.9.1.1.08.0.3.02","Receitas Correntes","Outras Receitas Correntes","Multas Administrativas, Contratuais e Judiciais","Multas Administrativas, Contratuais e Judiciais","Multas Decorrentes de Sentenças Judiciais","Aplicação de Multas criminais para FUNPERN - Dívida Ativa","0","12304.81"
"1.9.1.1.08.0.7.01","Receitas Correntes","Outras Receitas Correntes","Multas Administrativas, Contratuais e Judiciais","Multas Administrativas, Contratuais e Judiciais","Multas Decorrentes de Sentenças Judiciais","Multa de mora SEJUC - Divida Ativa","0","208.53"
"1.9.1.1.08.0.7.02","Receitas Correntes","Outras Receitas Correntes","Multas Administrativas, Contratuais e Judiciais","Multas Administrativas, Contratuais e Judiciais","Multas Decorrentes de Sentenças Judiciais","Multa de mora sobre infração criminal para FUNPERN - Dívida Ativa","0","22897.24"
"1.9.1.1.08.0.8.02","Receitas Correntes","Outras Receitas Correntes","Multas Administrativas, Contratuais e Judiciais","Multas Administrativas, Contratuais e Judiciais","Multas Decorrentes de Sentenças Judiciais","Juros de mora sobre infração criminal para FUNPERN - Dívida Ativa","0","20955.4"
"1.9.1.1.09.0.1.01","Receitas Correntes","Outras Receitas Correntes","Multas Administrativas, Contratuais e Judiciais","Multas Administrativas, Contratuais e Judiciais","Multas e Juros Previstos em Contratos","Multas e Juros Previstos em Contrato - Adm. Direta","0","24078.15"
"1.9.1.1.09.0.1.03","Receitas Correntes","Outras Receitas Correntes","Multas Administrativas, Contratuais e Judiciais","Multas Administrativas, Contratuais e Judiciais","Multas e Juros Previstos em Contratos","Multas e Juros Previstos em Contrato - Imobiário - IPERN","328000","86762.47"
"1.9.2.2.01.1.1.03","Receitas Correntes","Outras Receitas Correntes","Indenizações, Restituições e Ressarcimentos","Restituições","Restituição de Convênios","Restituição de Convênios - Fonte 0.100 (saldo remanescente).","0","173609.1"
"1.9.2.2.01.1.1.45","Receitas Correntes","Outras Receitas Correntes","Indenizações, Restituições e Ressarcimentos","Restituições","Restituição de Convênios","Restituição de Convênios - FR 0290","13500","400866.31"
"1.9.2.2.01.2.1.03","Receitas Correntes","Outras Receitas Correntes","Indenizações, Restituições e Ressarcimentos","Restituições","Restituição de Convênios","Restituição de Convênios - Financeiro 0.250","3000","1326.47"
"1.9.2.2.03.0.1.01","Receitas Correntes","Outras Receitas Correntes","Indenizações, Restituições e Ressarcimentos","Restituições","Restituição de Benefícios Previdenciários","Restituição de Benefícios Previdenciários","334000","701111.45"
"1.9.2.2.06.3.1.03","Receitas Correntes","Outras Receitas Correntes","Indenizações, Restituições e Ressarcimentos","Restituições","Restituição de Despesas de Exercícios Anteriores","Restituição de Despesas Primárias de Exercícios Anteriores - Fonte 0.100","0","1759088.23"
"1.9.2.2.06.3.1.04","Receitas Correntes","Outras Receitas Correntes","Indenizações, Restituições e Ressarcimentos","Restituições","Restituição de Despesas de Exercícios Anteriores","Restituição de Despesas Primárias de Exercícios Anteriores - Fonte 0.501","0","22479.87"
"1.9.2.2.06.3.1.10","Receitas Correntes","Outras Receitas Correntes","Indenizações, Restituições e Ressarcimentos","Restituições","Restituição de Despesas de Exercícios Anteriores","Restituição de Despesas Primárias de Exercícios Anteriores - Fonte 0.544","0","41500.2"
"1.9.2.2.06.3.1.11","Receitas Correntes","Outras Receitas Correntes","Indenizações, Restituições e Ressarcimentos","Restituições","Restituição de Despesas de Exercícios Anteriores","Restituição de Despesas Primárias de Exercícios Anteriores - Fonte 0.799","0","3000"
"1.9.2.2.06.3.1.13","Receitas Correntes","Outras Receitas Correntes","Indenizações, Restituições e Ressarcimentos","Restituições","Restituição de Despesas de Exercícios Anteriores","Restituição de Despesas Primárias de Exercícios Anteriores - Fonte 0.719","0","10000"
"1.9.2.2.99.0.1.01","Receitas Correntes","Outras Receitas Correntes","Indenizações, Restituições e Ressarcimentos","Restituições","Outras Restituições","Outras Restituições - Salário Educação","0","172367"
"1.9.2.2.99.0.1.02","Receitas Correntes","Outras Receitas Correntes","Indenizações, Restituições e Ressarcimentos","Restituições","Outras Restituições","Outras Restituições - PNAE","0","26921.92"
"1.9.2.2.99.0.1.03","Receitas Correntes","Outras Receitas Correntes","Indenizações, Restituições e Ressarcimentos","Restituições","Outras Restituições","Outras Restituições - Recursos do Tesouro - Educação","0","43629.39"
"1.9.2.2.99.0.1.04","Receitas Correntes","Outras Receitas Correntes","Indenizações, Restituições e Ressarcimentos","Restituições","Outras Restituições","Outras Restituições - FNDE","0","132277.77"
"1.9.2.2.99.0.1.06","Receitas Correntes","Outras Receitas Correntes","Indenizações, Restituições e Ressarcimentos","Restituições","Outras Restituições","Outras Restituições - Recursos do Tesouro - CAF","0","1437824.47"
"1.9.2.2.99.0.1.16","Receitas Correntes","Outras Receitas Correntes","Indenizações, Restituições e Ressarcimentos","Restituições","Outras Restituições","Outras Restituições - IPERN - restituição ao Erário Inativo","2776000","1566960.06"
"1.9.2.2.99.0.1.18","Receitas Correntes","Outras Receitas Correntes","Indenizações, Restituições e Ressarcimentos","Restituições","Outras Restituições","Outras Restituições - IPERN - restituição ao Erário Pensionista","0","1049769.16"
"1.9.2.2.99.0.1.21","Receitas Correntes","Outras Receitas Correntes","Indenizações, Restituições e Ressarcimentos","Restituições","Outras Restituições","Outras Restituições - PEF  Fonte 7.54","0","13900.47"
"1.9.2.2.99.0.1.96","Receitas Correntes","Outras Receitas Correntes","Indenizações, Restituições e Ressarcimentos","Restituições","Outras Restituições","Outras Restituições - Adm. Direta - F. 500","0","133533.57"
"1.9.2.2.99.0.1.98","Receitas Correntes","Outras Receitas Correntes","Indenizações, Restituições e Ressarcimentos","Restituições","Outras Restituições","Outras Restituições - Adm. Direta","0","3588.42"
"1.9.2.2.99.0.1.99","Receitas Correntes","Outras Receitas Correntes","Indenizações, Restituições e Ressarcimentos","Restituições","Outras Restituições","Outras Restituições - Adm. Indireta","153000","0"
"1.9.2.3.02.0.1.01","Receitas Correntes","Outras Receitas Correntes","Indenizações, Restituições e Ressarcimentos","Ressarcimentos","Ressarcimento de Custos","Ressarcimento Pessoal Cedido - Adm. Direta","0","721770.49"
"1.9.2.3.02.0.1.02","Receitas Correntes","Outras Receitas Correntes","Indenizações, Restituições e Ressarcimentos","Ressarcimentos","Ressarcimento de Custos","Ressarcimento Pessoal Cedido - Adm. Indireta","1480000","860945.93"
"1.9.2.3.02.0.1.03","Receitas Correntes","Outras Receitas Correntes","Indenizações, Restituições e Ressarcimentos","Ressarcimentos","Ressarcimento de Custos","Ressarcimento - Apenados","0","13669.03"
"1.9.2.3.02.0.1.04","Receitas Correntes","Outras Receitas Correntes","Indenizações, Restituições e Ressarcimentos","Ressarcimentos","Ressarcimento de Custos","Ressarcimento - Arena das Dunas","0","162789.76"
"1.9.2.3.99.0.3.02","Receitas Correntes","Outras Receitas Correntes","Indenizações, Restituições e Ressarcimentos","Ressarcimentos","Outros Ressarcimentos","Outros Ressarcimentos  - Dívida Ativa","0","184077.15"
"1.9.2.3.99.0.3.03","Receitas Correntes","Outras Receitas Correntes","Indenizações, Restituições e Ressarcimentos","Ressarcimentos","Outros Ressarcimentos","Outros Ressarcimentos SEEC - Dívida Ativa","0","408.75"
"1.9.2.3.99.0.3.04","Receitas Correntes","Outras Receitas Correntes","Indenizações, Restituições e Ressarcimentos","Ressarcimentos","Outros Ressarcimentos","Outros Ressarcimentos SESAP - Dívida Ativa","0","124.97"
"1.9.2.3.99.0.7.02","Receitas Correntes","Outras Receitas Correntes","Indenizações, Restituições e Ressarcimentos","Ressarcimentos","Outros Ressarcimentos","Outros Ressarcimentos Demais Orgão - Multa Dívida Ativa","0","3205.37"
"1.9.2.3.99.0.7.04","Receitas Correntes","Outras Receitas Correntes","Indenizações, Restituições e Ressarcimentos","Ressarcimentos","Outros Ressarcimentos","Outros Ressarcimentos SESAP - Multa  Dívida Ativa","0","0.81"
"1.9.2.3.99.0.8.02","Receitas Correntes","Outras Receitas Correntes","Indenizações, Restituições e Ressarcimentos","Ressarcimentos","Outros Ressarcimentos","Outros Ressarcimentos Demais Orgão - Juros Dívida Ativa","0","60546.02"
"1.9.2.3.99.0.8.03","Receitas Correntes","Outras Receitas Correntes","Indenizações, Restituições e Ressarcimentos","Ressarcimentos","Outros Ressarcimentos","Outros Ressarcimentos SEEC - Juros  Dívida Ativa","0","357.9"
"1.9.2.3.99.0.8.04","Receitas Correntes","Outras Receitas Correntes","Indenizações, Restituições e Ressarcimentos","Ressarcimentos","Outros Ressarcimentos","Outros Ressarcimentos SESAP - Juros  Dívida Ativa","0","139.67"
"1.9.9.9.03.0.1.01","Receitas Correntes","Outras Receitas Correntes","Demais Receitas Correntes","Outras Receitas Correntes","Compensações Financeiras entre o Regime Geral e os Regimes Próprios de Previdência e Siste","Compensação Financeiras entre o Regime Geral e os Regimes Próprios de Prev. Servidores","62226000","86693306.71"
"1.9.9.9.99.2.1.91","Receitas Correntes","Outras Receitas Correntes","Demais Receitas Correntes","Outras Receitas Correntes","Outras Receitas","Outras Receitas - Adm Indireta Recursos Diretamente Arrecadados","10000","0"
"1.9.9.9.99.2.1.93","Receitas Correntes","Outras Receitas Correntes","Demais Receitas Correntes","Outras Receitas Correntes","Outras Receitas","Depósitos Judiciais - Estado é Parte","0","94216677.5"
"1.9.9.9.99.2.1.94","Receitas Correntes","Outras Receitas Correntes","Demais Receitas Correntes","Outras Receitas Correntes","Outras Receitas","Outras Receitas - Tesouro","0","35500662.31"
"1.9.9.9.99.2.1.96","Receitas Correntes","Outras Receitas Correntes","Demais Receitas Correntes","Outras Receitas Correntes","Outras Receitas","Outras Receitas - Fundos Diversos","421000","7685.44"
"1.9.9.9.99.2.1.98","Receitas Correntes","Outras Receitas Correntes","Demais Receitas Correntes","Outras Receitas Correntes","Outras Receitas","Outras Receitas - Adm. Direta Recursos Diversos","0","466097.37"
"1.9.9.9.99.2.1.99","Receitas Correntes","Outras Receitas Correntes","Demais Receitas Correntes","Outras Receitas Correntes","Outras Receitas","Outras Receitas - Adm. Indireta Recursos Diversos","702000","241439.54"
"2.1.1.2.56.0.1.01","Receitas de Capital","Operações de Crédito","Operações de Crédito - Mercado Interno","Operações de Crédito Contratuais - Mercado Interno","Operações de Crédito Internas para Programas de Moradia Popular","Operações de Crédito Internas para Programas de Moradia Popular","43000000","0"
"2.1.1.9.99.0.1.02","Receitas de Capital","Operações de Crédito","Operações de Crédito - Mercado Interno","Outras Operações de Crédito - Mercado Interno","Outras Operações de Crédito - Mercado Interno","Operações de Crédito Internas para Programas de Rodovias","10000000","0"
"2.1.2.2.01.0.1.01","Receitas de Capital","Operações de Crédito","Operações de Crédito - Mercado Externo","Operações de Crédito Contratuais - Mercado Externo","Operações de Crédito Contratuais - Mercado Externo","Operações de Crédito Contratuais - Mercado Externo - RN Sustentável","150000000","0"
"2.1.2.2.54.0.1.01","Receitas de Capital","Operações de Crédito","Operações de Crédito - Mercado Externo","Operações de Crédito Contratuais - Mercado Externo","Operações de Crédito Externas para Programas de Modernização da Administração Pública","Operações de Crédito Externas para Programas de Modernização da Administração Pública","15000000","0"
"2.3.1.1.07.1.1.01","Receitas de Capital","Amortização de Empréstimos","Amortização de Empréstimos","Amortização de Empréstimos","Amortização de Financiamentos","Amortização de Financiamentos Habitacional","2932000","5953805.84"
"2.4.1.1.51.1.1.01","Receitas de Capital","Transferências de Capital","Transferências da União e de suas Entidades","Transferências de Recursos do Sistema Único de Saúde - SUS","Transferências de Recursos do Sistema Único de Saúde ¿ SUS - Fundo a Fundo - Bloco de Estr","Transferências de Recursos do Bloco de Estruturação da Rede de Serviços Públicos de Saúde ","0","80000"
"2.4.1.1.51.2.1.01","Receitas de Capital","Transferências de Capital","Transferências da União e de suas Entidades","Transferências de Recursos do Sistema Único de Saúde - SUS","Transferências de Recursos do Sistema Único de Saúde ¿ SUS - Fundo a Fundo - Bloco de Estr","Transferências de Recursos do Bloco de Estruturação da Rede de Serviços Públicos de Saúde ","1595000","0"
"2.4.1.1.51.2.1.10","Receitas de Capital","Transferências de Capital","Transferências da União e de suas Entidades","Transferências de Recursos do Sistema Único de Saúde - SUS","Transferências de Recursos do Sistema Único de Saúde ¿ SUS - Fundo a Fundo - Bloco de Estr","Transf de Rec do Bloco de Estrut da Rede de Serv Públ de Saúd - Emenda individual","0","3406539"
"2.4.1.1.51.2.1.21","Receitas de Capital","Transferências de Capital","Transferências da União e de suas Entidades","Transferências de Recursos do Sistema Único de Saúde - SUS","Transferências de Recursos do Sistema Único de Saúde ¿ SUS - Fundo a Fundo - Bloco de Estr","Transf de Rec do Bloco de Estrut da Rede de Serv Públ de Saúd - Emenda Bancada F 631","0","95173.99"
"2.4.1.2.50.9.1.01","Receitas de Capital","Transferências de Capital","Transferências da União e de suas Entidades","Transferências de Recursos do Fundo Nacional do Desenvolvimento da Educação ¿ FNDE ","Transferências de Recursos Destinados a Programas de Educação","Outras transferências destinadas a Programas de Educação","5971000","0"
"2.4.1.4.50.0.1.01","Receitas de Capital","Transferências de Capital","Transferências da União e de suas Entidades","Transferências de Convênios da União e de suas Entidades ","Transferências de Convênios da União para o Sistema Único de Saúde ¿ SUS","Transferências de Convênios da União para o Sistema Único de Saúde ¿ SUS","78800000","0"
"2.4.1.4.50.0.1.20","Receitas de Capital","Transferências de Capital","Transferências da União e de suas Entidades","Transferências de Convênios da União e de suas Entidades ","Transferências de Convênios da União para o Sistema Único de Saúde ¿ SUS","Transf de Convênios da União para o Sistema Único de Saúde  SUS - Emendas de Bancada","11200000","0"
"2.4.1.4.51.0.1.01","Receitas de Capital","Transferências de Capital","Transferências da União e de suas Entidades","Transferências de Convênios da União e de suas Entidades ","Transferências de Convênios da União destinadas a Programas de Educação","Transferências de Convênios da União destinadas a Programas de Educação","27112000","0"
"2.4.1.4.99.0.1.10","Receitas de Capital","Transferências de Capital","Transferências da União e de suas Entidades","Transferências de Convênios da União e de suas Entidades ","Outras Transferências de Convênios da União e de Suas Entidades","Outras Transferências de Convênios da União e das Suas Entidades - E.I","5794000","2467192.4"
"2.4.1.4.99.0.1.20","Receitas de Capital","Transferências de Capital","Transferências da União e de suas Entidades","Transferências de Convênios da União e de suas Entidades ","Outras Transferências de Convênios da União e de Suas Entidades","Outras Transferências de Convênios da União e das Suas Entidades - Emenda Bancada","19342000","0"
"2.4.1.4.99.0.1.98","Receitas de Capital","Transferências de Capital","Transferências da União e de suas Entidades","Transferências de Convênios da União e de suas Entidades ","Outras Transferências de Convênios da União e de Suas Entidades","Outras Transferências de Convênios da União e das Suas Entidades - Adm. Direta","217381000","15572811.19"
"2.4.1.9.99.0.1.05","Receitas de Capital","Transferências de Capital","Transferências da União e de suas Entidades","Outras Transferências de Recursos da União e de suas Entidades","Outras Transferências de Recursos da União e de suas Entidades","Outras Tranferências da União - FNSP - SUSP/Lei 13756/2018","28999000","2176947.41"
"2.4.1.9.99.0.1.98","Receitas de Capital","Transferências de Capital","Transferências da União e de suas Entidades","Outras Transferências de Recursos da União e de suas Entidades","Outras Transferências de Recursos da União e de suas Entidades","Outras Transferências da União - Adm. Direta","0","24408586"
"2.4.2.2.01.0.1.01","Receitas de Capital","Transferências de Capital","Transferências dos Estados e do Distrito Federal e de suas Entidades","Transferências de Convênios dos Estados e DF e de suas Entidades","Transferências de Convênios dos Estados e DF e de suas Entidades","Transferências de Convênios dos Estados e DF e de suas Entidades","1560000","0"
"2.4.2.2.51.0.1.01","Receitas de Capital","Transferências de Capital","Transferências dos Estados e do Distrito Federal e de suas Entidades","Transferências de Convênios dos Estados e DF e de suas Entidades","Transferências de Convênios dos Estados destinadas a Programas de Educação","Transferências de Convênios dos Estados - Programas de Educação","0","1674496.23"
"2.4.4.1.99.0.1.02","Receitas de Capital","Transferências de Capital","Transferências de Instituições Privadas","Transferências de Instituições Privadas","Outras Transferências de Instituições Privadas","Outras Transferências de Instituições Privadas - Admnistração Indireta","0","254000"
"2.9.9.9.99.0.1.01","Receitas de Capital","Outras Receitas de Capital","Demais Receitas de Capital","Outras Receitas de Capital","Outras Receitas de Capital","Depósitos Judiciais que o Estado não é parte","0","25531223.62"
"7.1.2.1.01.0.1.09","Receitas Intra Orçamentárias Correntes","Impostos, Taxas e Contribuições de Melhoria","Taxas","Taxas pelo Exercício do Poder de Polícia","Taxas de Inspeção, Controle e Fiscalização","Taxa de Prevenção contra Sinistro","0","75"
"7.1.2.1.01.0.1.14","Receitas Intra Orçamentárias Correntes","Impostos, Taxas e Contribuições de Melhoria","Taxas","Taxas pelo Exercício do Poder de Polícia","Taxas de Inspeção, Controle e Fiscalização","Taxa de Registro de Veículo e Habilitação","0","0"
"7.2.1.5.01.1.1.02","Receitas Intra Orçamentárias Correntes","Contribuições","Contribuições Sociais","Contribuições para Regimes Próprios de Previdência e Sistema de Proteção Social","Contribuição do Servidor Civil","Assembléia Legislativa - Ativo Civil","0","0"
"7.2.1.5.02.1.1.01","Receitas Intra Orçamentárias Correntes","Contribuições","Contribuições Sociais","Contribuições para Regimes Próprios de Previdência e Sistema de Proteção Social","Contribuição Patronal - Servidor Civil","CPSSS - Patronal- Poder Executivo - Ativo Civil","802433000","393309715.96"
"7.2.1.5.02.1.1.02","Receitas Intra Orçamentárias Correntes","Contribuições","Contribuições Sociais","Contribuições para Regimes Próprios de Previdência e Sistema de Proteção Social","Contribuição Patronal - Servidor Civil","CPSSS- Patronal -Assembleia Legislativa - Ativo Civil","13449000","3233537.95"
"7.2.1.5.02.1.1.03","Receitas Intra Orçamentárias Correntes","Contribuições","Contribuições Sociais","Contribuições para Regimes Próprios de Previdência e Sistema de Proteção Social","Contribuição Patronal - Servidor Civil","CPSSS- Patronal- Tribunal de Contas - Ativo Civil","11721000","3923503.69"
"7.2.1.5.02.1.1.04","Receitas Intra Orçamentárias Correntes","Contribuições","Contribuições Sociais","Contribuições para Regimes Próprios de Previdência e Sistema de Proteção Social","Contribuição Patronal - Servidor Civil","CPSSS- Patronal- Tribunal de Justiça - Ativo Civil","120450000","56737310.07"
"7.2.1.5.02.1.1.05","Receitas Intra Orçamentárias Correntes","Contribuições","Contribuições Sociais","Contribuições para Regimes Próprios de Previdência e Sistema de Proteção Social","Contribuição Patronal - Servidor Civil","CPSSS- Patronal- Defensoria Pública - Ativo Civil","10355000","4914640.48"
"7.2.1.5.02.1.1.06","Receitas Intra Orçamentárias Correntes","Contribuições","Contribuições Sociais","Contribuições para Regimes Próprios de Previdência e Sistema de Proteção Social","Contribuição Patronal - Servidor Civil","CPSSS- Patronal- Ministério Público - Ativo Civil","39266000","18061805.98"
"7.2.1.5.02.1.1.07","Receitas Intra Orçamentárias Correntes","Contribuições","Contribuições Sociais","Contribuições para Regimes Próprios de Previdência e Sistema de Proteção Social","Contribuição Patronal - Servidor Civil","COTA Patronal- Taxa Administração","29450000","13575000"
"7.2.1.5.50.1.1.01","Receitas Intra Orçamentárias Correntes","Contribuições","Contribuições Sociais","Contribuições para Regimes Próprios de Previdência e Sistema de Proteção Social","Contribuição Patronal - Servidor Civil Inativo e Pensionistas","CPSSS- Patronal- Poder Executivo - Inativo Civil","1096206000","432719551.85"
"7.2.1.5.50.1.1.02","Receitas Intra Orçamentárias Correntes","Contribuições","Contribuições Sociais","Contribuições para Regimes Próprios de Previdência e Sistema de Proteção Social","Contribuição Patronal - Servidor Civil Inativo e Pensionistas","CPSSS- Patronal- Assembléia Legislativa - Inativo Civil","29000000","8548939.49"
"7.2.1.5.50.1.1.03","Receitas Intra Orçamentárias Correntes","Contribuições","Contribuições Sociais","Contribuições para Regimes Próprios de Previdência e Sistema de Proteção Social","Contribuição Patronal - Servidor Civil Inativo e Pensionistas","CPSSS- Patronal- Tribunal de Contas - Inativo Civil","8509000","5601868.74"
"7.2.1.5.50.1.1.04","Receitas Intra Orçamentárias Correntes","Contribuições","Contribuições Sociais","Contribuições para Regimes Próprios de Previdência e Sistema de Proteção Social","Contribuição Patronal - Servidor Civil Inativo e Pensionistas","CPSSS- Patronal- Tribunal de Justiça - Inativo Civil","37270000","3611874.8"
"7.2.1.5.50.1.1.05","Receitas Intra Orçamentárias Correntes","Contribuições","Contribuições Sociais","Contribuições para Regimes Próprios de Previdência e Sistema de Proteção Social","Contribuição Patronal - Servidor Civil Inativo e Pensionistas","CPSSS- Patronal- Defensoria Pública - Inativo Civil","150000","0"
"7.2.1.5.50.1.1.06","Receitas Intra Orçamentárias Correntes","Contribuições","Contribuições Sociais","Contribuições para Regimes Próprios de Previdência e Sistema de Proteção Social","Contribuição Patronal - Servidor Civil Inativo e Pensionistas","CPSSS- Patronal- Ministério Público - Inativo Civil","14324000","0"
"7.2.1.5.50.2.1.01","Receitas Intra Orçamentárias Correntes","Contribuições","Contribuições Sociais","Contribuições para Regimes Próprios de Previdência e Sistema de Proteção Social","Contribuição Patronal - Servidor Civil Inativo e Pensionistas","CPSSS- Patronal-Pensionista Civil - Poder Executivo","159000000","40790833.66"
"7.2.1.5.50.2.1.02","Receitas Intra Orçamentárias Correntes","Contribuições","Contribuições Sociais","Contribuições para Regimes Próprios de Previdência e Sistema de Proteção Social","Contribuição Patronal - Servidor Civil Inativo e Pensionistas","CPSSS- Patronal- Pensionista Civil - Assembéia Legislativa","4000000","944212.13"
"7.2.1.5.50.2.1.03","Receitas Intra Orçamentárias Correntes","Contribuições","Contribuições Sociais","Contribuições para Regimes Próprios de Previdência e Sistema de Proteção Social","Contribuição Patronal - Servidor Civil Inativo e Pensionistas","CPSSS- Patronal- Pensionista Civil - Tribunal de Contas","1998000","642645.72"
"7.2.1.5.50.2.1.04","Receitas Intra Orçamentárias Correntes","Contribuições","Contribuições Sociais","Contribuições para Regimes Próprios de Previdência e Sistema de Proteção Social","Contribuição Patronal - Servidor Civil Inativo e Pensionistas","CPSSS- Patronal- Pensionista Civil - Tribunal de Justiça","19182000","4349016.16"
"7.2.1.5.50.2.1.06","Receitas Intra Orçamentárias Correntes","Contribuições","Contribuições Sociais","Contribuições para Regimes Próprios de Previdência e Sistema de Proteção Social","Contribuição Patronal - Servidor Civil Inativo e Pensionistas","CPSSS- Patronal- Pensionista Civil - Ministério Público","3697000","801973.88"
"7.5.1.1.01.0.1.02","Receitas Intra Orçamentárias Correntes","Receita Industrial","Receita Industrial","Receita Industrial","Receita Industrial","Receita Industrial de Publicidade e Propaganda","1463000","212163.97"
